format,test_refiner,top_k,username,metric_test_steps_per_second,stop_sequences,max_new_tokens,train_refiner,benchmark,truncate_to_max,repetition_penalty,template_card_index,demos_pool_size,loader_limit,do_train,demos_taken_from,dataset grouping,top_p,do_sample,unitxt_version,model_name_or_path,metric_score_name,temperature,calc_confidence_intervals,timestamp,eval_batch_size,card,run_env,template,training_args,fmeval_commit,num_beams,cluster_strategy,do_predict,max_predict_samples,num_demos,system_prompt,augmentor,inference_mode,metric_fixed_group_absval_norm_cohens_h_allvariants_accuracy,metric_fixed_group_absval_norm_cohens_h_allvariants_accuracy,metric_fixed_group_absval_norm_cohens_h_allvariants_accuracy_ci_high,metric_fixed_group_absval_norm_cohens_h_allvariants_accuracy_ci_high,metric_fixed_group_absval_norm_cohens_h_allvariants_accuracy_ci_low,metric_fixed_group_absval_norm_cohens_h_allvariants_accuracy_ci_low,metric_fixed_group_absval_norm_cohens_h_allvariants_string_containment,metric_fixed_group_absval_norm_cohens_h_allvariants_string_containment,metric_fixed_group_absval_norm_cohens_h_allvariants_string_containment_ci_high,metric_fixed_group_absval_norm_cohens_h_allvariants_string_containment_ci_high,metric_fixed_group_absval_norm_cohens_h_allvariants_string_containment_ci_low,metric_fixed_group_absval_norm_cohens_h_allvariants_string_containment_ci_low,metric_fixed_group_absval_norm_cohens_h_distraction_accuracy,metric_fixed_group_absval_norm_cohens_h_distraction_accuracy,metric_fixed_group_absval_norm_cohens_h_distraction_accuracy_ci_high,metric_fixed_group_absval_norm_cohens_h_distraction_accuracy_ci_high,metric_fixed_group_absval_norm_cohens_h_distraction_accuracy_ci_low,metric_fixed_group_absval_norm_cohens_h_distraction_accuracy_ci_low,metric_fixed_group_absval_norm_cohens_h_paraphrase_accuracy,metric_fixed_group_absval_norm_cohens_h_paraphrase_accuracy,metric_fixed_group_absval_norm_cohens_h_paraphrase_accuracy_ci_high,metric_fixed_group_absval_norm_cohens_h_paraphrase_accuracy_ci_high,metric_fixed_group_absval_norm_cohens_h_paraphrase_accuracy_ci_low,metric_fixed_group_absval_norm_cohens_h_paraphrase_accuracy_ci_low,metric_fixed_group_absval_norm_cohens_h_paraphrase_string_containment,metric_fixed_group_absval_norm_cohens_h_paraphrase_string_containment,metric_fixed_group_absval_norm_cohens_h_paraphrase_string_containment_ci_high,metric_fixed_group_absval_norm_cohens_h_paraphrase_string_containment_ci_high,metric_fixed_group_absval_norm_cohens_h_paraphrase_string_containment_ci_low,metric_fixed_group_absval_norm_cohens_h_paraphrase_string_containment_ci_low,metric_fixed_group_absval_norm_cohens_h_simple_accuracy,metric_fixed_group_absval_norm_cohens_h_simple_accuracy,metric_fixed_group_absval_norm_cohens_h_simple_accuracy_ci_high,metric_fixed_group_absval_norm_cohens_h_simple_accuracy_ci_high,metric_fixed_group_absval_norm_cohens_h_simple_accuracy_ci_low,metric_fixed_group_absval_norm_cohens_h_simple_accuracy_ci_low,metric_fixed_group_absval_norm_cohens_h_simple_string_containment,metric_fixed_group_absval_norm_cohens_h_simple_string_containment,metric_fixed_group_absval_norm_cohens_h_simple_string_containment_ci_high,metric_fixed_group_absval_norm_cohens_h_simple_string_containment_ci_high,metric_fixed_group_absval_norm_cohens_h_simple_string_containment_ci_low,metric_fixed_group_absval_norm_cohens_h_simple_string_containment_ci_low,metric_fixed_group_mean_accuracy,metric_fixed_group_mean_accuracy,metric_fixed_group_mean_accuracy_ci_high,metric_fixed_group_mean_accuracy_ci_high,metric_fixed_group_mean_accuracy_ci_low,metric_fixed_group_mean_accuracy_ci_low,metric_fixed_group_mean_allvariants_accuracy,metric_fixed_group_mean_allvariants_accuracy,metric_fixed_group_mean_allvariants_accuracy_ci_high,metric_fixed_group_mean_allvariants_accuracy_ci_high,metric_fixed_group_mean_allvariants_accuracy_ci_low,metric_fixed_group_mean_allvariants_accuracy_ci_low,metric_fixed_group_mean_allvariants_string_containment,metric_fixed_group_mean_allvariants_string_containment,metric_fixed_group_mean_allvariants_string_containment_ci_high,metric_fixed_group_mean_allvariants_string_containment_ci_high,metric_fixed_group_mean_allvariants_string_containment_ci_low,metric_fixed_group_mean_allvariants_string_containment_ci_low,metric_fixed_group_mean_distraction_accuracy,metric_fixed_group_mean_distraction_accuracy,metric_fixed_group_mean_distraction_accuracy_ci_high,metric_fixed_group_mean_distraction_accuracy_ci_high,metric_fixed_group_mean_distraction_accuracy_ci_low,metric_fixed_group_mean_distraction_accuracy_ci_low,metric_fixed_group_mean_original_accuracy,metric_fixed_group_mean_original_accuracy,metric_fixed_group_mean_original_accuracy_ci_high,metric_fixed_group_mean_original_accuracy_ci_high,metric_fixed_group_mean_original_accuracy_ci_low,metric_fixed_group_mean_original_accuracy_ci_low,metric_fixed_group_mean_original_string_containment,metric_fixed_group_mean_original_string_containment,metric_fixed_group_mean_original_string_containment_ci_high,metric_fixed_group_mean_original_string_containment_ci_high,metric_fixed_group_mean_original_string_containment_ci_low,metric_fixed_group_mean_original_string_containment_ci_low,metric_fixed_group_mean_paraphrase_accuracy,metric_fixed_group_mean_paraphrase_accuracy,metric_fixed_group_mean_paraphrase_accuracy_ci_high,metric_fixed_group_mean_paraphrase_accuracy_ci_high,metric_fixed_group_mean_paraphrase_accuracy_ci_low,metric_fixed_group_mean_paraphrase_accuracy_ci_low,metric_fixed_group_mean_paraphrase_string_containment,metric_fixed_group_mean_paraphrase_string_containment,metric_fixed_group_mean_paraphrase_string_containment_ci_high,metric_fixed_group_mean_paraphrase_string_containment_ci_high,metric_fixed_group_mean_paraphrase_string_containment_ci_low,metric_fixed_group_mean_paraphrase_string_containment_ci_low,metric_fixed_group_mean_simple_accuracy,metric_fixed_group_mean_simple_accuracy,metric_fixed_group_mean_simple_accuracy_ci_high,metric_fixed_group_mean_simple_accuracy_ci_high,metric_fixed_group_mean_simple_accuracy_ci_low,metric_fixed_group_mean_simple_accuracy_ci_low,metric_fixed_group_mean_simple_string_containment,metric_fixed_group_mean_simple_string_containment,metric_fixed_group_mean_simple_string_containment_ci_high,metric_fixed_group_mean_simple_string_containment_ci_high,metric_fixed_group_mean_simple_string_containment_ci_low,metric_fixed_group_mean_simple_string_containment_ci_low,metric_fixed_group_mean_string_containment,metric_fixed_group_mean_string_containment,metric_fixed_group_mean_string_containment_ci_high,metric_fixed_group_mean_string_containment_ci_high,metric_fixed_group_mean_string_containment_ci_low,metric_fixed_group_mean_string_containment_ci_low,metric_fixed_group_norm_cohens_h_allvariants_accuracy,metric_fixed_group_norm_cohens_h_allvariants_accuracy,metric_fixed_group_norm_cohens_h_allvariants_accuracy_ci_high,metric_fixed_group_norm_cohens_h_allvariants_accuracy_ci_high,metric_fixed_group_norm_cohens_h_allvariants_accuracy_ci_low,metric_fixed_group_norm_cohens_h_allvariants_accuracy_ci_low,metric_fixed_group_norm_cohens_h_allvariants_string_containment,metric_fixed_group_norm_cohens_h_allvariants_string_containment,metric_fixed_group_norm_cohens_h_allvariants_string_containment_ci_high,metric_fixed_group_norm_cohens_h_allvariants_string_containment_ci_high,metric_fixed_group_norm_cohens_h_allvariants_string_containment_ci_low,metric_fixed_group_norm_cohens_h_allvariants_string_containment_ci_low,metric_fixed_group_norm_cohens_h_distraction_accuracy,metric_fixed_group_norm_cohens_h_distraction_accuracy,metric_fixed_group_norm_cohens_h_distraction_accuracy_ci_high,metric_fixed_group_norm_cohens_h_distraction_accuracy_ci_high,metric_fixed_group_norm_cohens_h_distraction_accuracy_ci_low,metric_fixed_group_norm_cohens_h_distraction_accuracy_ci_low,metric_fixed_group_norm_cohens_h_paraphrase_accuracy,metric_fixed_group_norm_cohens_h_paraphrase_accuracy,metric_fixed_group_norm_cohens_h_paraphrase_accuracy_ci_high,metric_fixed_group_norm_cohens_h_paraphrase_accuracy_ci_high,metric_fixed_group_norm_cohens_h_paraphrase_accuracy_ci_low,metric_fixed_group_norm_cohens_h_paraphrase_accuracy_ci_low,metric_fixed_group_norm_cohens_h_paraphrase_string_containment,metric_fixed_group_norm_cohens_h_paraphrase_string_containment,metric_fixed_group_norm_cohens_h_paraphrase_string_containment_ci_high,metric_fixed_group_norm_cohens_h_paraphrase_string_containment_ci_high,metric_fixed_group_norm_cohens_h_paraphrase_string_containment_ci_low,metric_fixed_group_norm_cohens_h_paraphrase_string_containment_ci_low,metric_fixed_group_norm_cohens_h_simple_accuracy,metric_fixed_group_norm_cohens_h_simple_accuracy,metric_fixed_group_norm_cohens_h_simple_accuracy_ci_high,metric_fixed_group_norm_cohens_h_simple_accuracy_ci_high,metric_fixed_group_norm_cohens_h_simple_accuracy_ci_low,metric_fixed_group_norm_cohens_h_simple_accuracy_ci_low,metric_fixed_group_norm_cohens_h_simple_string_containment,metric_fixed_group_norm_cohens_h_simple_string_containment,metric_fixed_group_norm_cohens_h_simple_string_containment_ci_high,metric_fixed_group_norm_cohens_h_simple_string_containment_ci_high,metric_fixed_group_norm_cohens_h_simple_string_containment_ci_low,metric_fixed_group_norm_cohens_h_simple_string_containment_ci_low,metric_fixed_group_pdr_allvariants_accuracy,metric_fixed_group_pdr_allvariants_accuracy,metric_fixed_group_pdr_allvariants_accuracy_ci_high,metric_fixed_group_pdr_allvariants_accuracy_ci_high,metric_fixed_group_pdr_allvariants_accuracy_ci_low,metric_fixed_group_pdr_allvariants_accuracy_ci_low,metric_fixed_group_pdr_allvariants_string_containment,metric_fixed_group_pdr_allvariants_string_containment,metric_fixed_group_pdr_allvariants_string_containment_ci_high,metric_fixed_group_pdr_allvariants_string_containment_ci_high,metric_fixed_group_pdr_allvariants_string_containment_ci_low,metric_fixed_group_pdr_allvariants_string_containment_ci_low,metric_fixed_group_pdr_distraction_accuracy,metric_fixed_group_pdr_distraction_accuracy,metric_fixed_group_pdr_distraction_accuracy_ci_high,metric_fixed_group_pdr_distraction_accuracy_ci_high,metric_fixed_group_pdr_distraction_accuracy_ci_low,metric_fixed_group_pdr_distraction_accuracy_ci_low,metric_fixed_group_pdr_paraphrase_accuracy,metric_fixed_group_pdr_paraphrase_accuracy,metric_fixed_group_pdr_paraphrase_accuracy_ci_high,metric_fixed_group_pdr_paraphrase_accuracy_ci_high,metric_fixed_group_pdr_paraphrase_accuracy_ci_low,metric_fixed_group_pdr_paraphrase_accuracy_ci_low,metric_fixed_group_pdr_paraphrase_string_containment,metric_fixed_group_pdr_paraphrase_string_containment,metric_fixed_group_pdr_paraphrase_string_containment_ci_high,metric_fixed_group_pdr_paraphrase_string_containment_ci_high,metric_fixed_group_pdr_paraphrase_string_containment_ci_low,metric_fixed_group_pdr_paraphrase_string_containment_ci_low,metric_fixed_group_pdr_simple_accuracy,metric_fixed_group_pdr_simple_accuracy,metric_fixed_group_pdr_simple_accuracy_ci_high,metric_fixed_group_pdr_simple_accuracy_ci_high,metric_fixed_group_pdr_simple_accuracy_ci_low,metric_fixed_group_pdr_simple_accuracy_ci_low,metric_fixed_group_pdr_simple_string_containment,metric_fixed_group_pdr_simple_string_containment,metric_fixed_group_pdr_simple_string_containment_ci_high,metric_fixed_group_pdr_simple_string_containment_ci_high,metric_fixed_group_pdr_simple_string_containment_ci_low,metric_fixed_group_pdr_simple_string_containment_ci_low,metric_groups_mean_score,metric_groups_mean_score,metric_score,metric_score,metric_score_ci_high,metric_score_ci_high,metric_score_ci_low,metric_score_ci_low,metric_test_runtime,metric_test_runtime,metric_test_samples,metric_test_samples,metric_test_samples_per_second,metric_test_samples_per_second,output_dir,error
formats.empty,0,0,ellarabinovich,nan,['\n\n'],50,0,robustness_benchmark,FALSE,1,0,100,0,FALSE,test,generative_classification,0,FALSE,1.7.7,bam/meta-llama/llama-3-8b,fixed_group_mean_accuracy,0,TRUE,03/05/2024 9:57,1,cards.robustness.social_stigma,bam,0,0,a2c663e1749144b9dec5a66969eaad5d84116277,1,multi_process,TRUE,1972,0,system_prompts.empty,augmentors.no_augmentation,output_text,0.3376301892754356,,0.36759939421636156,,0.3105300666401531,,0,,0,,0,,0,,0,,0,,0.3376301892754356,,0.36759939421636156,,0.3105300666401531,,0,,0,,0,,0,,0,,0,,0,,0,,0,,0.5955736834950318,,0.634958729,,0.5483429298947965,,0.5874775037696386,,0.6258333719280158,,0.5385993700491163,,0,,0,,0,,0,,0,,0,,0.6741573033707865,,0.7359550561797753,,0.6067415730337079,,0,,0,,0,,0.5874775037696386,,0.6258333719280158,,0.5385993700491163,,0,,0,,0,,0,,0,,0,,0,,0,,0,,0,,0,,0,,-0.104038719,,-0.050014122,,-0.15914958,,0,,0,,0,,0,,0,,0,,-0.104038719,,-0.050014122,,-0.15914958,,0,,0,,0,,0,,0,,0,,0,,0,,0,,0.2684428190242144,,0.3136578037131165,,0.23121192755546482,,0,,0,,0,,0,,0,,0,,0.2684428190242144,,0.3136578037131165,,0.23121192755546482,,0,,0,,0,,0,,0,,0,,0,,0,,0,,0.5955736834950318,,0.5955736834950318,,0.634958729,,0.5483429298947965,,364.33178877830505,,1872,,5.1381736583493876,,['private/robustness_benchmark_llama3_mixtral/single_runs_outputs/run_version_0001/b623c96f69a156ab7f0e884857b5d55abd803048d06febe08657b151e65f868a'],['']
formats.empty,0,0,ellarabinovich,nan,['\n\n'],50,0,robustness_benchmark,FALSE,1,0,100,0,FALSE,test,generative_classification,0,FALSE,1.7.7,bam/mistralai/mixtral-8x7b-instruct-v01,fixed_group_mean_accuracy,0,TRUE,02/05/2024 12:31,1,cards.robustness.social_stigma,bam,0,0,a2c663e1749144b9dec5a66969eaad5d84116277,1,multi_process,TRUE,1972,0,system_prompts.empty,augmentors.no_augmentation,output_text,0.089243539,,0.11915271041085457,,0.065289325,,0,,0,,0,,0,,0,,0,,0.089243539,,0.11915271041085457,,0.065289325,,0,,0,,0,,0,,0,,0,,0,,0,,0,,0.8960326346562302,,0.9273375458333913,,0.8589308142582311,,0.8928841913392476,,0.9256025603148527,,0.8546990395903095,,0,,0,,0,,0,,0,,0,,0.9269662921348315,,0.9555788000437144,,0.8820224719101124,,0,,0,,0,,0.8928841913392476,,0.9256025603148527,,0.8546990395903095,,0,,0,,0,,0,,0,,0,,0,,0,,0,,0,,0,,0,,-0.04507385,,-0.017536106,,-0.077524384,,0,,0,,0,,0,,0,,0,,-0.04507385,,-0.017536106,,-0.077524384,,0,,0,,0,,0,,0,,0,,0,,0,,0,,0.057774178,,0.089267308,,0.039005366895421924,,0,,0,,0,,0,,0,,0,,0.057774178,,0.089267308,,0.039005366895421924,,0,,0,,0,,0,,0,,0,,0,,0,,0,,0.8960326346562302,,0.8960326346562302,,0.9273375458333913,,0.8589308142582311,,542.8068721294403,,1872,,3.4487404196931277,,['private/robustness_benchmark_llama3_mixtral/single_runs_outputs/run_version_0001/8e38ae6cd070104615a9fee29c909012f7c25e439791a93daf7b483fa08ffe62'],['']
formats.empty,0,0,ellarabinovich,nan,['\n\n'],50,0,robustness_benchmark,FALSE,1,0,100,0,FALSE,test,generative_classification,0,FALSE,1.7.7,bam/meta-llama/llama-3-8b-instruct,fixed_group_mean_accuracy,0,TRUE,04/05/2024 9:44,1,cards.robustness.social_stigma,bam,0,0,a2c663e1749144b9dec5a66969eaad5d84116277,1,multi_process,TRUE,1972,0,system_prompts.empty,augmentors.no_augmentation,output_text,0.06000953,,0.082420657,,0.043741274485924526,,0,,0,,0,,0,,0,,0,,0.06000953,,0.082420657,,0.043741274485924526,,0,,0,,0,,0,,0,,0,,0,,0,,0,,0.8906363923217857,,0.9243894724971358,,0.8466556425515782,,0.8896549143740156,,0.9229506498390393,,0.8447201815086189,,0,,0,,0,,0,,0,,0,,0.898876404,,0.9382022471910112,,0.848314607,,0,,0,,0,,0.8896549143740156,,0.9229506498390393,,0.8447201815086189,,0,,0,,0,,0,,0,,0,,0,,0,,0,,0,,0,,0,,-0.016486363,,0.003130924,,-0.037975393,,0,,0,,0,,0,,0,,0,,-0.016486363,,0.003130924,,-0.037975393,,0,,0,,0,,0,,0,,0,,0,,0,,0,,0.028202988443952297,,0.044630861,,0.018746203424170153,,0,,0,,0,,0,,0,,0,,0.028202988443952297,,0.044630861,,0.018746203424170153,,0,,0,,0,,0,,0,,0,,0,,0,,0,,0.8906363923217857,,0.8906363923217857,,0.9243894724971358,,0.8466556425515782,,247.07921385765076,,1872,,7.576517549867678,,['private/robustness_benchmark_llama3_mixtral/single_runs_outputs/run_version_0001/89a92bea18efd79f2f6a8889fc234fd6a0c493135dc1c95a67b40041e98cf9a1'],['']
formats.empty,0,0,ellarabinovich,nan,['\n\n'],50,0,robustness_benchmark,FALSE,1,0,100,0,FALSE,test,generative_classification,0,FALSE,1.7.7,bam/meta-llama/llama-3-70b-instruct,fixed_group_mean_accuracy,0,TRUE,04/05/2024 15:08,1,cards.robustness.social_stigma,bam,0,0,a2c663e1749144b9dec5a66969eaad5d84116277,1,multi_process,TRUE,1972,0,system_prompts.empty,augmentors.no_augmentation,output_text,0.039697908,,0.058510158,,0.026500643,,0,,0,,0,,0,,0,,0,,0.039697908,,0.058510158,,0.026500643,,0,,0,,0,,0,,0,,0,,0,,0,,0,,0.9354387341746893,,0.9590691656655262,,0.8977526775185283,,0.9338219676702824,,0.9574284507381144,,0.8963485175484797,,0,,0,,0,,0,,0,,0,,0.949438202,,0.9775280898876404,,0.9044943820224719,,0,,0,,0,,0.9338219676702824,,0.9574284507381144,,0.8963485175484797,,0,,0,,0,,0,,0,,0,,0,,0,,0,,0,,0,,0,,-0.023040154,,-0.007662413,,-0.039396751,,0,,0,,0,,0,,0,,0,,-0.023040154,,-0.007662413,,-0.039396751,,0,,0,,0,,0,,0,,0,,0,,0,,0,,0.022118584690839025,,0.038438112,,0.013492129,,0,,0,,0,,0,,0,,0,,0.022118584690839025,,0.038438112,,0.013492129,,0,,0,,0,,0,,0,,0,,0,,0,,0,,0.9354387341746893,,0.9354387341746893,,0.9590691656655262,,0.8977526775185283,,292.249804,,1872,,6.405479060209572,,['private/robustness_benchmark_llama3_mixtral/single_runs_outputs/run_version_0001/276d940f37dd637e2b20907ff4dacb591d20237d5bea61cb0e1273aaa40a8658'],['']
formats.empty,0,0,ellarabinovich,nan,['\n\n'],50,0,robustness_benchmark,FALSE,1,0,100,0,FALSE,test,generative_classification,0,FALSE,1.7.7,bam/meta-llama/llama-3-8b,fixed_group_mean_accuracy,0,TRUE,03/05/2024 9:57,1,cards.robustness.social_IG_abuse,bam,0,0,a2c663e1749144b9dec5a66969eaad5d84116277,1,multi_process,TRUE,21849,0,system_prompts.empty,augmentors.no_augmentation,output_text,0.24209161554406364,,0.25075024698643156,,0.23312610107957077,,0,,0,,0,,0,,0,,0,,0.27550663795843205,,0.29336857977565317,,0.2596613254274586,,0,,0,,0,,0.2068746021044773,,0.2162732463474083,,0.19843857800336812,,0,,0,,0,,0.5782618180854273,,0.5937344221009337,,0.564381411,,0.5780798527067184,,0.5936762831810581,,0.5646366272244467,,0,,0,,0,,0,,0,,0,,0.5757575757575758,,0.5938489371325192,,0.553628807,,0,,0,,0,,0.5764805173192592,,0.5950036197831802,,0.5582922086422959,,0,,0,,0,,0.5731192522237298,,0.5898128244521772,,0.5578880385188862,,0,,0,,0,,0,,0,,0,,-0.002930493,,0.010761049488645338,,-0.01573324,,0,,0,,0,,0,,0,,0,,0.012729669329430402,,0.032267324,,-0.007423729,,0,,0,,0,,-0.006136194,,0.007361798,,-0.017345371,,0,,0,,0,,0.1481575711398546,,0.15950714008696118,,0.13867618494509018,,0,,0,,0,,0,,0,,0,,0.1655460378864634,,0.18304853090866344,,0.150696567,,0,,0,,0,,0.12156148867313915,,0.1314722677855193,,0.11277352926359403,,0,,0,,0,,0.5782618180854273,,0.5782618180854273,,0.5937344221009337,,0.564381411,,4152.125359,,21749,,5.238040309,,['private/robustness_benchmark_llama3_mixtral/single_runs_outputs/run_version_0001/30ab0e97ea17a7885a3cf414f274f9920efe5f9d885878e77a30fc1a1704aced'],['']
formats.empty,0,0,ellarabinovich,nan,['\n\n'],50,0,robustness_benchmark,FALSE,1,0,100,0,FALSE,test,generative_classification,0,FALSE,1.7.7,bam/mistralai/mixtral-8x7b-instruct-v01,fixed_group_mean_accuracy,0,TRUE,02/05/2024 12:31,1,cards.robustness.social_IG_abuse,bam,0,0,a2c663e1749144b9dec5a66969eaad5d84116277,1,multi_process,TRUE,21849,0,system_prompts.empty,augmentors.no_augmentation,output_text,0.094958006,,0.10198455793371074,,0.088014289,,0,,0,,0,,0,,0,,0,,0.10061270197837059,,0.1107871199483519,,0.090057617,,0,,0,,0,,0.081346584,,0.088643791,,0.07490763,,0,,0,,0,,0.7782260618420727,,0.7930877599509901,,0.7631482282414336,,0.7771453143569833,,0.7919200022592923,,0.7624153056233505,,0,,0,,0,,0,,0,,0,,0.7869742198100407,,0.8023518769787427,,0.7684305744007237,,0,,0,,0,,0.7673572973872524,,0.7841649567537693,,0.7513291310380981,,0,,0,,0,,0.7760289461781998,,0.7903566357878195,,0.7603347127440956,,0,,0,,0,,0,,0,,0,,-0.017679525,,-0.010443623,,-0.026012189,,0,,0,,0,,0,,0,,0,,-0.016183565,,-0.004795232,,-0.027741632,,0,,0,,0,,-0.015306053,,-0.008512142,,-0.023132414,,0,,0,,0,,0.047988252,,0.054015872,,0.043434616,,0,,0,,0,,0,,0,,0,,0.05926967,,0.068573214,,0.05100509,,0,,0,,0,,0.043175074,,0.049047613,,0.038573551,,0,,0,,0,,0.7782260618420727,,0.7782260618420727,,0.7930877599509901,,0.7631482282414336,,6331.128447055817,,21749,,3.4352485788080958,,['private/robustness_benchmark_llama3_mixtral/single_runs_outputs/run_version_0001/55bb39d80fbb4ebe570b3d16b89aa879875ebfbc6c093c03835975adfc326742'],['']
formats.empty,0,0,ellarabinovich,nan,['\n\n'],50,0,robustness_benchmark,FALSE,1,0,100,0,FALSE,test,generative_classification,0,FALSE,1.7.7,bam/meta-llama/llama-3-8b-instruct,fixed_group_mean_accuracy,0,TRUE,04/05/2024 9:44,1,cards.robustness.social_IG_abuse,bam,0,0,a2c663e1749144b9dec5a66969eaad5d84116277,1,multi_process,TRUE,21849,0,system_prompts.empty,augmentors.no_augmentation,output_text,0.083823002,,0.090566699,,0.078312319,,0,,0,,0,,0,,0,,0,,0.087056792,,0.09790329,,0.07766759,,0,,0,,0,,0.070991678,,0.077620534,,0.065545156,,0,,0,,0,,0.7077864645028823,,0.7249546185720217,,0.6905365601439066,,0.7063122765972156,,0.7234653284533937,,0.6889273191003511,,0,,0,,0,,0,,0,,0,,0.7191316146540027,,0.7367706919945726,,0.6999721577046357,,0,,0,,0,,0.7074863894634239,,0.7261251042065329,,0.6882285182532802,,0,,0,,0,,0.7011759384893714,,0.7187174920007021,,0.6835041769313538,,0,,0,,0,,0,,0,,0,,-0.01714179,,-0.009525889,,-0.024428367,,0,,0,,0,,0,,0,,0,,0.000100989,,0.010746741035010145,,-0.01031147,,0,,0,,0,,-0.021051764,,-0.014284491,,-0.027869719,,0,,0,,0,,0.043441682,,0.049101814,,0.038580569,,0,,0,,0,,0,,0,,0,,0.044704278,,0.053402352,,0.037538497,,0,,0,,0,,0.040773229369720596,,0.045909927,,0.036119312,,0,,0,,0,,0.7077864645028823,,0.7077864645028823,,0.7249546185720217,,0.6905365601439066,,3262.274646997452,,21749,,6.666820655,,['private/robustness_benchmark_llama3_mixtral/single_runs_outputs/run_version_0001/617909a045240bd1ee7ac936a82c5461a3629d134f7d7ab76354d71b2b744274'],['']
formats.empty,0,0,ellarabinovich,nan,['\n\n'],50,0,robustness_benchmark,FALSE,1,0,100,0,FALSE,test,generative_classification,0,FALSE,1.7.7,bam/meta-llama/llama-3-70b-instruct,fixed_group_mean_accuracy,0,TRUE,04/05/2024 15:08,1,cards.robustness.social_IG_abuse,bam,0,0,a2c663e1749144b9dec5a66969eaad5d84116277,1,multi_process,TRUE,21849,0,system_prompts.empty,augmentors.no_augmentation,output_text,0.071938342,,0.077844532,,0.065883303,,0,,0,,0,,0,,0,,0,,0.091286465,,0.10157585277436001,,0.081413001,,0,,0,,0,,0.050821406269049546,,0.056689002,,0.045644565,,0,,0,,0,,0.7921007744956184,,0.8085781231843191,,0.7778718568525891,,0.7915340049668409,,0.8082191659772132,,0.7777208342097753,,0,,0,,0,,0,,0,,0,,0.7960199004975125,,0.8136589778380823,,0.7789413402958184,,0,,0,,0,,0.7860138363882746,,0.8021617401193702,,0.7695065753499107,,0,,0,,0,,0.7906226443539877,,0.8078134489703168,,0.776396035,,0,,0,,0,,0,,0,,0,,-0.009062643,,-0.002323663,,-0.015957175,,0,,0,,0,,0,,0,,0,,-0.004741027,,0.006171428,,-0.016303289,,0,,0,,0,,-0.007205426,,-0.001505911,,-0.013368712,,0,,0,,0,,0.032665463,,0.037365382,,0.028717089726064987,,0,,0,,0,,0,,0,,0,,0.048823666,,0.057226212,,0.041229836,,0,,0,,0,,0.024683036430749476,,0.029186382,,0.021013192115415122,,0,,0,,0,,0.7921007744956184,,0.7921007744956184,,0.8085781231843191,,0.7778718568525891,,2946.9530758857727,,21749,,7.380165017884735,,['private/robustness_benchmark_llama3_mixtral/single_runs_outputs/run_version_0001/4a99e0a1fbef2a5a4c784f2bad059da501ebe9221c5ddf9372b4562817e0fdb1'],['']
formats.empty,0,0,ellarabinovich,nan,['\n\n'],50,0,robustness_benchmark,FALSE,1,0,100,0,FALSE,test,QA,0,FALSE,1.7.7,bam/meta-llama/llama-3-70b-instruct,fixed_group_mean_string_containment,0,TRUE,04/05/2024 15:08,1,cards.robustness.pop_qa,bam,0,0,a2c663e1749144b9dec5a66969eaad5d84116277,1,multi_process,TRUE,50000,0,system_prompts.empty,augmentors.no_augmentation,output_text,0,,0,,0,,0.14618434855959314,,0.15231783013220634,,0.1402808545536325,,0,,0,,0,,0,,0,,0,,0.14720647085780172,,0.1541903135958955,,0.14038989766924895,,0,,0,,0,,0.12048471392903788,,0.12667395523928987,,0.11438566396576505,,0,,0,,0,,0,,0,,0,,0.32872773487439966,,0.3418497102877752,,0.3154270968885931,,0,,0,,0,,0,,0,,0,,0.3685111237877924,,0.38465925292272596,,0.352723125,,0,,0,,0,,0.3351799062460408,,0.3479361988873657,,0.3217809282741214,,0,,0,,0,,0.32055302166476624,,0.3346127969497671,,0.30659569370565776,,0.33152596126680567,,0.3447832745782809,,0.31783995865855974,,0,,0,,0,,-0.041646592,,-0.034023505,,-0.049878719,,0,,0,,0,,0,,0,,0,,-0.033662887,,-0.025100752,,-0.042979684,,0,,0,,0,,-0.051496455,,-0.044075,,-0.05869227,,0,,0,,0,,0.09585075,,0.10245430405725366,,0.089044835,,0,,0,,0,,0,,0,,0,,0.09709596,,0.10490558911298611,,0.089668378,,0,,0,,0,,0.084280901,,0.090346833,,0.077938402,,0.33152596126680567,,0.33152596126680567,,0.3447832745782809,,0.31783995865855974,,12062.664963960648,,50000,,4.145021033858097,,['private/robustness_benchmark_llama3_mixtral/single_runs_outputs/run_version_0001/16b362cbf68eb7fe76f42a056b8b73bfbad5401a44aa5a67dd1b55ea7423eb14'],['']
formats.empty,0,0,ellarabinovich,nan,['\n\n'],50,0,robustness_benchmark,FALSE,1,0,100,0,FALSE,test,QA,0,FALSE,1.7.7,bam/meta-llama/llama-3-8b,fixed_group_mean_string_containment,0,TRUE,03/05/2024 9:57,1,cards.robustness.pop_qa,bam,0,0,a2c663e1749144b9dec5a66969eaad5d84116277,1,multi_process,TRUE,50000,0,system_prompts.empty,augmentors.no_augmentation,output_text,0,,0,,0,,0.12591642806625597,,0.13232384300385322,,0.11963700879969315,,0,,0,,0,,0,,0,,0,,0.12408193783395773,,0.1308617061531057,,0.11668339362954239,,0,,0,,0,,0.10887822574531716,,0.11571940295536778,,0.10237411748280138,,0,,0,,0,,0,,0,,0,,0.21257040185204382,,0.22375170292331806,,0.20133769627204315,,0,,0,,0,,0,,0,,0,,0.2609811751283514,,0.275416223,,0.24643468339988592,,0,,0,,0,,0.21766483864545438,,0.22968049629176487,,0.20604099694461445,,0,,0,,0,,0.20529266438616497,,0.21698023565184335,,0.19409094368504495,,0.21606299858613898,,0.2277657473243589,,0.20471697883177611,,0,,0,,0,,-0.04690557,,-0.039148717,,-0.053919898,,0,,0,,0,,0,,0,,0,,-0.042666309,,-0.034564494,,-0.050884658,,0,,0,,0,,-0.055700309,,-0.047911723,,-0.062990198,,0,,0,,0,,0.089140661,,0.096319867,,0.08207674,,0,,0,,0,,0,,0,,0,,0.086857153,,0.094465005,,0.079711257,,0,,0,,0,,0.083590535,,0.090222577,,0.076426099,,0.21606299858613898,,0.21606299858613898,,0.2277657473243589,,0.20471697883177611,,9210.157752990723,,50000,,5.428788663664745,,['private/robustness_benchmark_llama3_mixtral/single_runs_outputs/run_version_0001/aa7d3fa50570d35231bd9925706eecb119a770ef789ceac817809764cd8b017d'],['']
formats.empty,0,0,ellarabinovich,nan,['\n\n'],50,0,robustness_benchmark,FALSE,1,0,100,0,FALSE,test,QA,0,FALSE,1.7.7,bam/meta-llama/llama-3-8b-instruct,fixed_group_mean_string_containment,0,TRUE,04/05/2024 9:44,1,cards.robustness.pop_qa,bam,0,0,a2c663e1749144b9dec5a66969eaad5d84116277,1,multi_process,TRUE,50000,0,system_prompts.empty,augmentors.no_augmentation,output_text,0,,0,,0,,0.1314368648622578,,0.1376370868268134,,0.12500261086055914,,0,,0,,0,,0,,0,,0,,0.13376511730318683,,0.14140312824832746,,0.1268150136126305,,0,,0,,0,,0.11106811026899646,,0.11798389574707603,,0.10475675769357741,,0,,0,,0,,0,,0,,0,,0.22520325115464795,,0.23653173257028107,,0.21325231076243087,,0,,0,,0,,0,,0,,0,,0.2669709070165431,,0.2816718604125494,,0.25092671799258626,,0,,0,,0,,0.22391517800582794,,0.23486455096155126,,0.21139161211774957,,0,,0,,0,,0.22633979475484606,,0.23811288488464152,,0.21384454580007603,,0.2282783966123308,,0.23970832456179372,,0.21613171172096354,,0,,0,,0,,-0.038292818,,-0.030754984,,-0.046008182,,0,,0,,0,,0,,0,,0,,-0.040387001,,-0.032028431,,-0.049286848,,0,,0,,0,,-0.040638517,,-0.033177518,,-0.048075818,,0,,0,,0,,0.090313234,,0.098020005,,0.083598477,,0,,0,,0,,0,,0,,0,,0.094284415,,0.102944458,,0.087049589,,0,,0,,0,,0.07671204,,0.083929489,,0.070604413,,0.2282783966123308,,0.2282783966123308,,0.23970832456179372,,0.21613171172096354,,9532.680206,,50000,,5.245114586788767,,['private/robustness_benchmark_llama3_mixtral/single_runs_outputs/run_version_0001/b44b3995e18045a327236cc49dd64fb9e5f32ab7a71db5a112f9ea1b435665ed'],['']
formats.empty,0,0,ellarabinovich,nan,['\n\n'],50,0,robustness_benchmark,FALSE,1,0,100,0,FALSE,test,QA,0,FALSE,1.7.7,bam/mistralai/mixtral-8x7b-instruct-v01,fixed_group_mean_string_containment,0,TRUE,02/05/2024 17:32,1,cards.robustness.pop_qa,bam,0,0,a2c663e1749144b9dec5a66969eaad5d84116277,1,multi_process,TRUE,50000,0,system_prompts.empty,augmentors.no_augmentation,output_text,0,,0,,0,,0.15676370087766167,,0.16384339240959853,,0.15063537256046963,,0,,0,,0,,0,,0,,0,,0.155591307,,0.1635925628328477,,0.14838850607608245,,0,,0,,0,,0.13185285292110963,,0.13856435393597327,,0.125424946,,0,,0,,0,,0,,0,,0,,0.3555982789698582,,0.36823381979436476,,0.34264017708458294,,0,,0,,0,,0,,0,,0,,0.39247005134055907,,0.4089129825514517,,0.3761109097190431,,0,,0,,0,,0.3594391956706666,,0.37292867524376805,,0.34639020166253287,,0,,0,,0,,0.3510072215887496,,0.3643577343458869,,0.33847610960043034,,0.358338157,,0.3712597160035282,,0.3453912220082454,,0,,0,,0,,-0.043909211,,-0.03591248,,-0.052413486,,0,,0,,0,,0,,0,,0,,-0.036954515,,-0.028203863,,-0.045776897,,0,,0,,0,,-0.047638335,,-0.040219847,,-0.055164165,,0,,0,,0,,0.098747059,,0.10549023841319446,,0.092286879,,0,,0,,0,,0,,0,,0,,0.10015581524763496,,0.10750058422722718,,0.092960136,,0,,0,,0,,0.086893672,,0.093305972,,0.081228392,,0.358338157,,0.358338157,,0.3712597160035282,,0.3453912220082454,,54944.59681510925,,50000,,0.9100075876114258,,['private/robustness_benchmark_llama3_mixtral/single_runs_outputs/run_version_0001/1d7e4e31e858c0d67081c6974952f222e2a904f70d8dda340486edac8d1b9740'],['']
formats.empty,0,0,ellarabinovich,nan,['\n\n'],50,0,robustness_benchmark,FALSE,1,1,100,0,FALSE,test,QA,0,FALSE,1.7.7,bam/meta-llama/llama-3-8b,fixed_group_mean_accuracy,0,TRUE,03/05/2024 9:57,1,cards.robustness.boolq,bam,0,0,a2c663e1749144b9dec5a66969eaad5d84116277,1,multi_process,TRUE,29394,0,system_prompts.empty,augmentors.no_augmentation,output_text,0.14918860006650356,,0.15619113363377923,,0.1423004164732043,,0,,0,,0,,0.13332310524700827,,0.14257941559514184,,0.1230846133212071,,0.13564441202860356,,0.14609002526410786,,0.12533806711145812,,0,,0,,0,,0.12213215777473937,,0.12950400059211717,,0.11440630569594781,,0,,0,,0,,0.4894544581258297,,0.5032804640770896,,0.47543014196417427,,0.48801553531532055,,0.501633304,,0.47385602032022656,,0,,0,,0,,0.4668610003068426,,0.4820497084995397,,0.45136545,,0.5007671064743786,,0.5182580130275724,,0.4857318195765572,,0,,0,,0,,0.5006084225221034,,0.5173410113707189,,0.4857059834868341,,0,,0,,0,,0.491152705,,0.5062776245196623,,0.4770167031170016,,0,,0,,0,,0,,0,,0,,-0.007517905,,0.001532178,,-0.016940931,,0,,0,,0,,-0.033906106,,-0.023295025,,-0.044952439,,-0.00010176,,0.010853572389735297,,-0.012556209,,0,,0,,0,,-0.008501612,,-0.000178122,,-0.017450657,,0,,0,,0,,0.088196366,,0.095761396,,0.080746153,,0,,0,,0,,0.091076203,,0.10023385938510816,,0.081687746,,0.075060739,,0.084511915,,0.06702463,,0,,0,,0,,0.071170225,,0.078246049,,0.064365512,,0,,0,,0,,0.4894544581258297,,0.4894544581258297,,0.5032804640770896,,0.47543014196417427,,5924.149080276489,,29293,,4.944676375131473,,['private/robustness_benchmark_llama3_mixtral/single_runs_outputs/run_version_0001/043f366e5176e9876db2b8f3ecb0c28892456b7a23737dcfa45494f86656f1fd'],['']
formats.empty,0,0,ellarabinovich,nan,['\n\n'],50,0,robustness_benchmark,FALSE,1,1,100,0,FALSE,test,QA,0,FALSE,1.7.7,bam/meta-llama/llama-3-8b-instruct,fixed_group_mean_accuracy,0,TRUE,04/05/2024 9:44,1,cards.robustness.boolq,bam,0,0,a2c663e1749144b9dec5a66969eaad5d84116277,1,multi_process,TRUE,29394,0,system_prompts.empty,augmentors.no_augmentation,output_text,0.10796984306522771,,0.11359586890760974,,0.1020816958069863,,0,,0,,0,,0.099877263,,0.10800859159251304,,0.090906411,,0.10078136562245105,,0.10921944942410038,,0.092804143,,0,,0,,0,,0.073851666,,0.079689681,,0.06763274,,0,,0,,0,,0.785488358,,0.7965182025634081,,0.7734926739019236,,0.7813100897942875,,0.7927057635861935,,0.7693369523712666,,0,,0,,0,,0.7706351641607855,,0.7835537579053597,,0.7569806689168457,,0.8192697146363915,,0.8321571034059527,,0.8057811411588899,,0,,0,,0,,0.779248488,,0.7930912324260821,,0.7673643488872122,,0,,0,,0,,0.7934949370972691,,0.8046114723416622,,0.7810955895453426,,0,,0,,0,,0,,0,,0,,-0.049603472,,-0.043331246,,-0.056685264,,0,,0,,0,,-0.04863455,,-0.03912243,,-0.057532986,,-0.043582265,,-0.034985941,,-0.052775785,,0,,0,,0,,-0.028790077,,-0.022850875,,-0.035255652,,0,,0,,0,,0.067801819,,0.072724824,,0.062742018,,0,,0,,0,,0.076923077,,0.084935063,,0.069739756,,0.072738993,,0.07983595,,0.065124173,,0,,0,,0,,0.049350928,,0.05458325,,0.044197417,,0,,0,,0,,0.785488358,,0.785488358,,0.7965182025634081,,0.7734926739019236,,4407.0223298072815,,29293,,6.646891666936704,,['private/robustness_benchmark_llama3_mixtral/single_runs_outputs/run_version_0001/bb0381d67fd9a0d62f9d324274afc08ea2bee873b90c8dba8fe4ff41f3ab6015'],['']
formats.empty,0,0,ellarabinovich,nan,['\n\n'],50,0,robustness_benchmark,FALSE,1,1,100,0,FALSE,test,QA,0,FALSE,1.7.7,bam/mistralai/mixtral-8x7b-instruct-v01,fixed_group_mean_accuracy,0,TRUE,02/05/2024 12:31,1,cards.robustness.boolq,bam,0,0,a2c663e1749144b9dec5a66969eaad5d84116277,1,multi_process,TRUE,29394,0,system_prompts.empty,augmentors.no_augmentation,output_text,0.07053879,,0.075674682,,0.065831782,,0,,0,,0,,0.042804541270328324,,0.048787972,,0.036974532,,0.073285028,,0.081025212,,0.06661697,,0,,0,,0,,0.049811738,,0.055108342834847605,,0.044990035146335434,,0,,0,,0,,0.875209441,,0.8840641584768257,,0.8646045663353626,,0.873605034,,0.8824486166709168,,0.8630592669674941,,0,,0,,0,,0.882325867,,0.8926704862226401,,0.8705568553279591,,0.888002455,,0.898741945,,0.8769561215096655,,0,,0,,0,,0.8624468745152785,,0.8727311805423097,,0.850432913,,0,,0,,0,,0.8780812110054208,,0.8870352660354238,,0.8675513743713784,,0,,0,,0,,0,,0,,0,,-0.024916296,,-0.019072904,,-0.030612204,,0,,0,,0,,-0.005676588,,0.000920528,,-0.012427125,,-0.029517049,,-0.021589363,,-0.037547656,,0,,0,,0,,-0.01246989,,-0.006995976,,-0.017989952,,0,,0,,0,,0.036180782,,0.04025647,,0.032916242,,0,,0,,0,,0.024889729,,0.029564497698343524,,0.020577014601109733,,0.049511061625599075,,0.055920802,,0.043716917,,0,,0,,0,,0.028911564625850344,,0.033034953111679456,,0.025232080328551783,,0,,0,,0,,0.875209441,,0.875209441,,0.8840641584768257,,0.8646045663353626,,7873.061743974686,,29293,,3.720661789858076,,['private/robustness_benchmark_llama3_mixtral/single_runs_outputs/run_version_0001/9dd1742c6bb99d11619dba4038b9123340c776ca3d7c47ba6782e887ab2606f1'],['']
formats.empty,0,0,ellarabinovich,nan,['\n\n'],50,0,robustness_benchmark,FALSE,1,1,100,0,FALSE,test,QA,0,FALSE,1.7.7,bam/meta-llama/llama-3-70b-instruct,fixed_group_mean_accuracy,0,TRUE,04/05/2024 15:08,1,cards.robustness.boolq,bam,0,0,a2c663e1749144b9dec5a66969eaad5d84116277,1,multi_process,TRUE,29394,0,system_prompts.empty,augmentors.no_augmentation,output_text,0.066284852,,0.070984053,,0.061680986,,0,,0,,0,,0.046486652,,0.053390610616753605,,0.040656643,,0.071330341,,0.078940269,,0.064814409,,0,,0,,0,,0.038932108,,0.043288258,,0.034781407,,0,,0,,0,,0.8718289245444815,,0.8811815235557243,,0.8626474822574551,,0.8697365077389625,,0.8787826364251291,,0.8601667640688916,,0,,0,,0,,0.8826327094200676,,0.8923612859728162,,0.8716309475216375,,0.888002455,,0.8975145750230132,,0.8763424363301626,,0,,0,,0,,0.8535590196990849,,0.8639404074644299,,0.8426982095823715,,0,,0,,0,,0.8767515597831647,,0.8861224726762289,,0.8666860328877022,,0,,0,,0,,0,,0,,0,,-0.027491668,,-0.021874966,,-0.032604501,,0,,0,,0,,-0.005369745,,0.001380425,,-0.011827157,,-0.036029112,,-0.028605085,,-0.04350869,,0,,0,,0,,-0.012686752,,-0.007978476,,-0.017218181,,0,,0,,0,,0.03611709,,0.039666583,,0.032777723,,0,,0,,0,,0.026715144,,0.032458687,,0.022089725766700413,,0.051854079,,0.058783310593205004,,0.046163730844862715,,0,,0,,0,,0.024110339,,0.027722751,,0.02085378,,0,,0,,0,,0.8718289245444815,,0.8718289245444815,,0.8811815235557243,,0.8626474822574551,,33088.29201,,29293,,0.8852980382160109,,['private/robustness_benchmark_llama3_mixtral/single_runs_outputs/run_version_0001/0ce9f788d30c23c72d854b9ef7df4c7490d01e10ae6b9ab58eb626c33c348296'],['']
