top_k,template_card_index,max_test_instances,timestamp,card,do_train,benchmark,inference_mode,fmeval_commit,template,truncate_to_max,calc_confidence_intervals,stop_sequences,metric_score_name,augmentor,temperature,training_args,repetition_penalty,run_env,test_refiner,loader_limit,do_sample,max_predict_samples,max_new_tokens,metric_test_steps_per_second,model_name_or_path,demos_pool_size,num_demos,eval_batch_size,cluster_strategy,train_refiner,unitxt_version,username,demos_removed_from_data,demos_taken_from,top_p,do_predict,dataset grouping,num_beams,generate_batch_size,system_prompt,do_eval,format,metric_fixed_group_absval_norm_cohens_h_allvariants_accuracy,metric_fixed_group_absval_norm_cohens_h_allvariants_accuracy,metric_fixed_group_absval_norm_cohens_h_allvariants_accuracy_ci_high,metric_fixed_group_absval_norm_cohens_h_allvariants_accuracy_ci_high,metric_fixed_group_absval_norm_cohens_h_allvariants_accuracy_ci_low,metric_fixed_group_absval_norm_cohens_h_allvariants_accuracy_ci_low,metric_fixed_group_absval_norm_cohens_h_allvariants_string_containment,metric_fixed_group_absval_norm_cohens_h_allvariants_string_containment,metric_fixed_group_absval_norm_cohens_h_allvariants_string_containment_ci_high,metric_fixed_group_absval_norm_cohens_h_allvariants_string_containment_ci_high,metric_fixed_group_absval_norm_cohens_h_allvariants_string_containment_ci_low,metric_fixed_group_absval_norm_cohens_h_allvariants_string_containment_ci_low,metric_fixed_group_absval_norm_cohens_h_distraction_accuracy,metric_fixed_group_absval_norm_cohens_h_distraction_accuracy,metric_fixed_group_absval_norm_cohens_h_distraction_accuracy_ci_high,metric_fixed_group_absval_norm_cohens_h_distraction_accuracy_ci_high,metric_fixed_group_absval_norm_cohens_h_distraction_accuracy_ci_low,metric_fixed_group_absval_norm_cohens_h_distraction_accuracy_ci_low,metric_fixed_group_absval_norm_cohens_h_paraphrase_accuracy,metric_fixed_group_absval_norm_cohens_h_paraphrase_accuracy,metric_fixed_group_absval_norm_cohens_h_paraphrase_accuracy_ci_high,metric_fixed_group_absval_norm_cohens_h_paraphrase_accuracy_ci_high,metric_fixed_group_absval_norm_cohens_h_paraphrase_accuracy_ci_low,metric_fixed_group_absval_norm_cohens_h_paraphrase_accuracy_ci_low,metric_fixed_group_absval_norm_cohens_h_paraphrase_string_containment,metric_fixed_group_absval_norm_cohens_h_paraphrase_string_containment,metric_fixed_group_absval_norm_cohens_h_paraphrase_string_containment_ci_high,metric_fixed_group_absval_norm_cohens_h_paraphrase_string_containment_ci_high,metric_fixed_group_absval_norm_cohens_h_paraphrase_string_containment_ci_low,metric_fixed_group_absval_norm_cohens_h_paraphrase_string_containment_ci_low,metric_fixed_group_absval_norm_cohens_h_simple_accuracy,metric_fixed_group_absval_norm_cohens_h_simple_accuracy,metric_fixed_group_absval_norm_cohens_h_simple_accuracy_ci_high,metric_fixed_group_absval_norm_cohens_h_simple_accuracy_ci_high,metric_fixed_group_absval_norm_cohens_h_simple_accuracy_ci_low,metric_fixed_group_absval_norm_cohens_h_simple_accuracy_ci_low,metric_fixed_group_absval_norm_cohens_h_simple_string_containment,metric_fixed_group_absval_norm_cohens_h_simple_string_containment,metric_fixed_group_absval_norm_cohens_h_simple_string_containment_ci_high,metric_fixed_group_absval_norm_cohens_h_simple_string_containment_ci_high,metric_fixed_group_absval_norm_cohens_h_simple_string_containment_ci_low,metric_fixed_group_absval_norm_cohens_h_simple_string_containment_ci_low,metric_fixed_group_mean_accuracy,metric_fixed_group_mean_accuracy,metric_fixed_group_mean_accuracy_ci_high,metric_fixed_group_mean_accuracy_ci_high,metric_fixed_group_mean_accuracy_ci_low,metric_fixed_group_mean_accuracy_ci_low,metric_fixed_group_mean_allvariants_accuracy,metric_fixed_group_mean_allvariants_accuracy,metric_fixed_group_mean_allvariants_accuracy_ci_high,metric_fixed_group_mean_allvariants_accuracy_ci_high,metric_fixed_group_mean_allvariants_accuracy_ci_low,metric_fixed_group_mean_allvariants_accuracy_ci_low,metric_fixed_group_mean_allvariants_string_containment,metric_fixed_group_mean_allvariants_string_containment,metric_fixed_group_mean_allvariants_string_containment_ci_high,metric_fixed_group_mean_allvariants_string_containment_ci_high,metric_fixed_group_mean_allvariants_string_containment_ci_low,metric_fixed_group_mean_allvariants_string_containment_ci_low,metric_fixed_group_mean_distraction_accuracy,metric_fixed_group_mean_distraction_accuracy,metric_fixed_group_mean_distraction_accuracy_ci_high,metric_fixed_group_mean_distraction_accuracy_ci_high,metric_fixed_group_mean_distraction_accuracy_ci_low,metric_fixed_group_mean_distraction_accuracy_ci_low,metric_fixed_group_mean_original_accuracy,metric_fixed_group_mean_original_accuracy,metric_fixed_group_mean_original_accuracy_ci_high,metric_fixed_group_mean_original_accuracy_ci_high,metric_fixed_group_mean_original_accuracy_ci_low,metric_fixed_group_mean_original_accuracy_ci_low,metric_fixed_group_mean_original_string_containment,metric_fixed_group_mean_original_string_containment,metric_fixed_group_mean_original_string_containment_ci_high,metric_fixed_group_mean_original_string_containment_ci_high,metric_fixed_group_mean_original_string_containment_ci_low,metric_fixed_group_mean_original_string_containment_ci_low,metric_fixed_group_mean_paraphrase_accuracy,metric_fixed_group_mean_paraphrase_accuracy,metric_fixed_group_mean_paraphrase_accuracy_ci_high,metric_fixed_group_mean_paraphrase_accuracy_ci_high,metric_fixed_group_mean_paraphrase_accuracy_ci_low,metric_fixed_group_mean_paraphrase_accuracy_ci_low,metric_fixed_group_mean_paraphrase_string_containment,metric_fixed_group_mean_paraphrase_string_containment,metric_fixed_group_mean_paraphrase_string_containment_ci_high,metric_fixed_group_mean_paraphrase_string_containment_ci_high,metric_fixed_group_mean_paraphrase_string_containment_ci_low,metric_fixed_group_mean_paraphrase_string_containment_ci_low,metric_fixed_group_mean_simple_accuracy,metric_fixed_group_mean_simple_accuracy,metric_fixed_group_mean_simple_accuracy_ci_high,metric_fixed_group_mean_simple_accuracy_ci_high,metric_fixed_group_mean_simple_accuracy_ci_low,metric_fixed_group_mean_simple_accuracy_ci_low,metric_fixed_group_mean_simple_string_containment,metric_fixed_group_mean_simple_string_containment,metric_fixed_group_mean_simple_string_containment_ci_high,metric_fixed_group_mean_simple_string_containment_ci_high,metric_fixed_group_mean_simple_string_containment_ci_low,metric_fixed_group_mean_simple_string_containment_ci_low,metric_fixed_group_mean_string_containment,metric_fixed_group_mean_string_containment,metric_fixed_group_mean_string_containment_ci_high,metric_fixed_group_mean_string_containment_ci_high,metric_fixed_group_mean_string_containment_ci_low,metric_fixed_group_mean_string_containment_ci_low,metric_fixed_group_norm_cohens_h_allvariants_accuracy,metric_fixed_group_norm_cohens_h_allvariants_accuracy,metric_fixed_group_norm_cohens_h_allvariants_accuracy_ci_high,metric_fixed_group_norm_cohens_h_allvariants_accuracy_ci_high,metric_fixed_group_norm_cohens_h_allvariants_accuracy_ci_low,metric_fixed_group_norm_cohens_h_allvariants_accuracy_ci_low,metric_fixed_group_norm_cohens_h_allvariants_string_containment,metric_fixed_group_norm_cohens_h_allvariants_string_containment,metric_fixed_group_norm_cohens_h_allvariants_string_containment_ci_high,metric_fixed_group_norm_cohens_h_allvariants_string_containment_ci_high,metric_fixed_group_norm_cohens_h_allvariants_string_containment_ci_low,metric_fixed_group_norm_cohens_h_allvariants_string_containment_ci_low,metric_fixed_group_norm_cohens_h_distraction_accuracy,metric_fixed_group_norm_cohens_h_distraction_accuracy,metric_fixed_group_norm_cohens_h_distraction_accuracy_ci_high,metric_fixed_group_norm_cohens_h_distraction_accuracy_ci_high,metric_fixed_group_norm_cohens_h_distraction_accuracy_ci_low,metric_fixed_group_norm_cohens_h_distraction_accuracy_ci_low,metric_fixed_group_norm_cohens_h_paraphrase_accuracy,metric_fixed_group_norm_cohens_h_paraphrase_accuracy,metric_fixed_group_norm_cohens_h_paraphrase_accuracy_ci_high,metric_fixed_group_norm_cohens_h_paraphrase_accuracy_ci_high,metric_fixed_group_norm_cohens_h_paraphrase_accuracy_ci_low,metric_fixed_group_norm_cohens_h_paraphrase_accuracy_ci_low,metric_fixed_group_norm_cohens_h_paraphrase_string_containment,metric_fixed_group_norm_cohens_h_paraphrase_string_containment,metric_fixed_group_norm_cohens_h_paraphrase_string_containment_ci_high,metric_fixed_group_norm_cohens_h_paraphrase_string_containment_ci_high,metric_fixed_group_norm_cohens_h_paraphrase_string_containment_ci_low,metric_fixed_group_norm_cohens_h_paraphrase_string_containment_ci_low,metric_fixed_group_norm_cohens_h_simple_accuracy,metric_fixed_group_norm_cohens_h_simple_accuracy,metric_fixed_group_norm_cohens_h_simple_accuracy_ci_high,metric_fixed_group_norm_cohens_h_simple_accuracy_ci_high,metric_fixed_group_norm_cohens_h_simple_accuracy_ci_low,metric_fixed_group_norm_cohens_h_simple_accuracy_ci_low,metric_fixed_group_norm_cohens_h_simple_string_containment,metric_fixed_group_norm_cohens_h_simple_string_containment,metric_fixed_group_norm_cohens_h_simple_string_containment_ci_high,metric_fixed_group_norm_cohens_h_simple_string_containment_ci_high,metric_fixed_group_norm_cohens_h_simple_string_containment_ci_low,metric_fixed_group_norm_cohens_h_simple_string_containment_ci_low,metric_fixed_group_pdr_allvariants_accuracy,metric_fixed_group_pdr_allvariants_accuracy,metric_fixed_group_pdr_allvariants_accuracy_ci_high,metric_fixed_group_pdr_allvariants_accuracy_ci_high,metric_fixed_group_pdr_allvariants_accuracy_ci_low,metric_fixed_group_pdr_allvariants_accuracy_ci_low,metric_fixed_group_pdr_allvariants_string_containment,metric_fixed_group_pdr_allvariants_string_containment,metric_fixed_group_pdr_allvariants_string_containment_ci_high,metric_fixed_group_pdr_allvariants_string_containment_ci_high,metric_fixed_group_pdr_allvariants_string_containment_ci_low,metric_fixed_group_pdr_allvariants_string_containment_ci_low,metric_fixed_group_pdr_distraction_accuracy,metric_fixed_group_pdr_distraction_accuracy,metric_fixed_group_pdr_distraction_accuracy_ci_high,metric_fixed_group_pdr_distraction_accuracy_ci_high,metric_fixed_group_pdr_distraction_accuracy_ci_low,metric_fixed_group_pdr_distraction_accuracy_ci_low,metric_fixed_group_pdr_paraphrase_accuracy,metric_fixed_group_pdr_paraphrase_accuracy,metric_fixed_group_pdr_paraphrase_accuracy_ci_high,metric_fixed_group_pdr_paraphrase_accuracy_ci_high,metric_fixed_group_pdr_paraphrase_accuracy_ci_low,metric_fixed_group_pdr_paraphrase_accuracy_ci_low,metric_fixed_group_pdr_paraphrase_string_containment,metric_fixed_group_pdr_paraphrase_string_containment,metric_fixed_group_pdr_paraphrase_string_containment_ci_high,metric_fixed_group_pdr_paraphrase_string_containment_ci_high,metric_fixed_group_pdr_paraphrase_string_containment_ci_low,metric_fixed_group_pdr_paraphrase_string_containment_ci_low,metric_fixed_group_pdr_simple_accuracy,metric_fixed_group_pdr_simple_accuracy,metric_fixed_group_pdr_simple_accuracy_ci_high,metric_fixed_group_pdr_simple_accuracy_ci_high,metric_fixed_group_pdr_simple_accuracy_ci_low,metric_fixed_group_pdr_simple_accuracy_ci_low,metric_fixed_group_pdr_simple_string_containment,metric_fixed_group_pdr_simple_string_containment,metric_fixed_group_pdr_simple_string_containment_ci_high,metric_fixed_group_pdr_simple_string_containment_ci_high,metric_fixed_group_pdr_simple_string_containment_ci_low,metric_fixed_group_pdr_simple_string_containment_ci_low,metric_score,metric_score,metric_score_ci_high,metric_score_ci_high,metric_score_ci_low,metric_score_ci_low,metric_test_runtime,metric_test_runtime,metric_test_samples,metric_test_samples,metric_test_samples_per_second,metric_test_samples_per_second,output_dir,error
0.0000,0.0000,0.0000,45451.8180,cards.robustness.social_stigma,FALSE,robustness_benchmark,output_text,602833e5234a128065c4120c575cdf44efed9871,0.0000,FALSE,TRUE,['\n\n'],fixed_group_mean_accuracy,augmentors.no_augmentation,0.0000,0.0000,1.0000,bam,0.0000,0.0000,FALSE,1972.0000,50.0000,nan,bam/mistralai/mixtral-8x7b-instruct-v01,100.0000,0.0000,1.0000,multi_process,0.0000,1.10.0,ellarabinovich,TRUE,test,0.0000,TRUE,generative_classification,1.0000,1.0000,system_prompts.empty,FALSE,formats.empty,0.1935,,0.2218,,0.1658,,0.0000,,0.0000,,0.0000,,0.0000,,0.0000,,0.0000,,0.1935,,0.2218,,0.1658,,0.0000,,0.0000,,0.0000,,0.0000,,0.0000,,0.0000,,0.0000,,0.0000,,0.0000,,0.8308,,0.8631,,0.7945,,0.8195,,0.8536,,0.7832,,0.0000,,0.0000,,0.0000,,0.0000,,0.0000,,0.0000,,0.9257,,0.9600,,0.8800,,0.0000,,0.0000,,0.0000,,0.8195,,0.8536,,0.7832,,0.0000,,0.0000,,0.0000,,0.0000,,0.0000,,0.0000,,0.0000,,0.0000,,0.0000,,0.0000,,0.0000,,0.0000,,-0.1480,,-0.1143,,-0.1832,,0.0000,,0.0000,,0.0000,,0.0000,,0.0000,,0.0000,,-0.1480,,-0.1143,,-0.1832,,0.0000,,0.0000,,0.0000,,0.0000,,0.0000,,0.0000,,0.0000,,0.0000,,0.0000,,0.1346,,0.1631,,0.1115,,0.0000,,0.0000,,0.0000,,0.0000,,0.0000,,0.0000,,0.1346,,0.1631,,0.1115,,0.0000,,0.0000,,0.0000,,0.0000,,0.0000,,0.0000,,0.0000,,0.0000,,0.0000,,0.8308,,0.8631,,0.7945,,599.3436,,1567.0000,,2.6145,,['private/robustness_benchmark_enhanced_paraphrases/single_runs_outputs/run_version_0001/832719eb08dfc65000b6e410b67985736de7f682f62b9dda6696eb043b5e7d71'],['']
0.0000,0.0000,0.0000,45452.7363,cards.robustness.social_stigma,FALSE,robustness_benchmark,output_text,602833e5234a128065c4120c575cdf44efed9871,0.0000,FALSE,TRUE,['\n\n'],fixed_group_mean_accuracy,augmentors.no_augmentation,0.0000,0.0000,1.0000,bam,0.0000,0.0000,FALSE,1972.0000,50.0000,nan,bam/google/flan-t5-xxl,100.0000,0.0000,1.0000,multi_process,0.0000,1.10.0,ellarabinovich,TRUE,test,0.0000,TRUE,generative_classification,1.0000,1.0000,system_prompts.empty,FALSE,formats.empty,0.1562,,0.1819,,0.1332,,0.0000,,0.0000,,0.0000,,0.0000,,0.0000,,0.0000,,0.1562,,0.1819,,0.1332,,0.0000,,0.0000,,0.0000,,0.0000,,0.0000,,0.0000,,0.0000,,0.0000,,0.0000,,0.7943,,0.8338,,0.7463,,0.7870,,0.8260,,0.7404,,0.0000,,0.0000,,0.0000,,0.0000,,0.0000,,0.0000,,0.8571,,0.9029,,0.8000,,0.0000,,0.0000,,0.0000,,0.7870,,0.8260,,0.7404,,0.0000,,0.0000,,0.0000,,0.0000,,0.0000,,0.0000,,0.0000,,0.0000,,0.0000,,0.0000,,0.0000,,0.0000,,-0.1010,,-0.0723,,-0.1317,,0.0000,,0.0000,,0.0000,,0.0000,,0.0000,,0.0000,,-0.1010,,-0.0723,,-0.1317,,0.0000,,0.0000,,0.0000,,0.0000,,0.0000,,0.0000,,0.0000,,0.0000,,0.0000,,0.1002,,0.1215,,0.0823,,0.0000,,0.0000,,0.0000,,0.0000,,0.0000,,0.0000,,0.1002,,0.1215,,0.0823,,0.0000,,0.0000,,0.0000,,0.0000,,0.0000,,0.0000,,0.0000,,0.0000,,0.0000,,0.7943,,0.8338,,0.7463,,4134.9579,,1567.0000,,0.3790,,['private/robustness_benchmark_enhanced_paraphrases/single_runs_outputs/run_version_0001/22dbc779a9d3a328988982f1a03b45f10c34a70c9dc9aa5d0cd7ba3f4acf8d9b'],['']
0.0000,0.0000,0.0000,45451.8180,cards.robustness.social_stigma,FALSE,robustness_benchmark,output_text,602833e5234a128065c4120c575cdf44efed9871,0.0000,FALSE,TRUE,['\n\n'],fixed_group_mean_accuracy,augmentors.no_augmentation,0.0000,0.0000,1.0000,bam,0.0000,0.0000,FALSE,1972.0000,50.0000,nan,bam/google/flan-ul2,100.0000,0.0000,1.0000,multi_process,0.0000,1.10.0,ellarabinovich,TRUE,test,0.0000,TRUE,generative_classification,1.0000,1.0000,system_prompts.empty,FALSE,formats.empty,0.1552,,0.1811,,0.1325,,0.0000,,0.0000,,0.0000,,0.0000,,0.0000,,0.0000,,0.1552,,0.1811,,0.1325,,0.0000,,0.0000,,0.0000,,0.0000,,0.0000,,0.0000,,0.0000,,0.0000,,0.0000,,0.8168,,0.8507,,0.7709,,0.8072,,0.8420,,0.7635,,0.0000,,0.0000,,0.0000,,0.0000,,0.0000,,0.0000,,0.8971,,0.9314,,0.8457,,0.0000,,0.0000,,0.0000,,0.8072,,0.8420,,0.7635,,0.0000,,0.0000,,0.0000,,0.0000,,0.0000,,0.0000,,0.0000,,0.0000,,0.0000,,0.0000,,0.0000,,0.0000,,-0.1250,,-0.0983,,-0.1545,,0.0000,,0.0000,,0.0000,,0.0000,,0.0000,,0.0000,,-0.1250,,-0.0983,,-0.1545,,0.0000,,0.0000,,0.0000,,0.0000,,0.0000,,0.0000,,0.0000,,0.0000,,0.0000,,0.1071,,0.1307,,0.0899,,0.0000,,0.0000,,0.0000,,0.0000,,0.0000,,0.0000,,0.1071,,0.1307,,0.0899,,0.0000,,0.0000,,0.0000,,0.0000,,0.0000,,0.0000,,0.0000,,0.0000,,0.0000,,0.8168,,0.8507,,0.7709,,193.5249,,1567.0000,,8.0972,,['private/robustness_benchmark_enhanced_paraphrases/single_runs_outputs/run_version_0001/832afe6a7f5c85830c77821e483f72612233caf0e4769427ce8299bb6fb821df'],['']
0.0000,0.0000,0.0000,45451.2444,cards.robustness.social_stigma,FALSE,robustness_benchmark,output_text,602833e5234a128065c4120c575cdf44efed9871,0.0000,FALSE,TRUE,['\n\n'],fixed_group_mean_accuracy,augmentors.no_augmentation,0.0000,0.0000,1.0000,bam,0.0000,0.0000,FALSE,1972.0000,50.0000,nan,bam/meta-llama/llama-3-70b-instruct,100.0000,0.0000,1.0000,multi_process,0.0000,1.10.0,ellarabinovich,TRUE,test,0.0000,TRUE,generative_classification,1.0000,1.0000,system_prompts.empty,FALSE,formats.empty,0.1527,,0.1762,,0.1321,,0.0000,,0.0000,,0.0000,,0.0000,,0.0000,,0.0000,,0.1527,,0.1762,,0.1321,,0.0000,,0.0000,,0.0000,,0.0000,,0.0000,,0.0000,,0.0000,,0.0000,,0.0000,,0.8635,,0.8901,,0.8267,,0.8532,,0.8806,,0.8167,,0.0000,,0.0000,,0.0000,,0.0000,,0.0000,,0.0000,,0.9486,,0.9771,,0.9086,,0.0000,,0.0000,,0.0000,,0.8532,,0.8806,,0.8167,,0.0000,,0.0000,,0.0000,,0.0000,,0.0000,,0.0000,,0.0000,,0.0000,,0.0000,,0.0000,,0.0000,,0.0000,,-0.1367,,-0.1111,,-0.1612,,0.0000,,0.0000,,0.0000,,0.0000,,0.0000,,0.0000,,-0.1367,,-0.1111,,-0.1612,,0.0000,,0.0000,,0.0000,,0.0000,,0.0000,,0.0000,,0.0000,,0.0000,,0.0000,,0.1043,,0.1236,,0.0870,,0.0000,,0.0000,,0.0000,,0.0000,,0.0000,,0.0000,,0.1043,,0.1236,,0.0870,,0.0000,,0.0000,,0.0000,,0.0000,,0.0000,,0.0000,,0.0000,,0.0000,,0.0000,,0.8635,,0.8901,,0.8267,,236.5306,,1567.0000,,6.6249,,['private/robustness_benchmark_enhanced_paraphrases/single_runs_outputs/run_version_0001/24a13e7b561aba938f159e343c4e4d8ec79ec2bcd46be6c48684127dc19dec3d'],['']
0.0000,0.0000,0.0000,45451.4857,cards.robustness.social_stigma,FALSE,robustness_benchmark,output_text,602833e5234a128065c4120c575cdf44efed9871,0.0000,FALSE,TRUE,['\n\n'],fixed_group_mean_accuracy,augmentors.no_augmentation,0.0000,0.0000,1.0000,bam,0.0000,0.0000,FALSE,1972.0000,50.0000,nan,bam/meta-llama/llama-2-13b-chat,100.0000,0.0000,1.0000,multi_process,0.0000,1.10.0,ellarabinovich,TRUE,test,0.0000,TRUE,generative_classification,1.0000,1.0000,system_prompts.models.llama2,FALSE,formats.llama2,0.1195,,0.1502,,0.0954,,0.0000,,0.0000,,0.0000,,0.0000,,0.0000,,0.0000,,0.1195,,0.1502,,0.0954,,0.0000,,0.0000,,0.0000,,0.0000,,0.0000,,0.0000,,0.0000,,0.0000,,0.0000,,0.7719,,0.8210,,0.7158,,0.7651,,0.8145,,0.7076,,0.0000,,0.0000,,0.0000,,0.0000,,0.0000,,0.0000,,0.8229,,0.8743,,0.7600,,0.0000,,0.0000,,0.0000,,0.7651,,0.8145,,0.7076,,0.0000,,0.0000,,0.0000,,0.0000,,0.0000,,0.0000,,0.0000,,0.0000,,0.0000,,0.0000,,0.0000,,0.0000,,-0.0735,,-0.0457,,-0.1060,,0.0000,,0.0000,,0.0000,,0.0000,,0.0000,,0.0000,,-0.0735,,-0.0457,,-0.1060,,0.0000,,0.0000,,0.0000,,0.0000,,0.0000,,0.0000,,0.0000,,0.0000,,0.0000,,0.0815,,0.1139,,0.0594,,0.0000,,0.0000,,0.0000,,0.0000,,0.0000,,0.0000,,0.0815,,0.1139,,0.0594,,0.0000,,0.0000,,0.0000,,0.0000,,0.0000,,0.0000,,0.0000,,0.0000,,0.0000,,0.7719,,0.8210,,0.7158,,340.4486,,1567.0000,,4.6028,,['private/robustness_benchmark_enhanced_paraphrases/single_runs_outputs/run_version_0001/e894c79d3cd75647ca0f5defaf44113666a39642d600206616539283f362f039'],['']
0.0000,0.0000,0.0000,45449.7309,cards.robustness.social_stigma,FALSE,robustness_benchmark,output_text,602833e5234a128065c4120c575cdf44efed9871,0.0000,FALSE,TRUE,['\n\n'],fixed_group_mean_accuracy,augmentors.no_augmentation,0.0000,0.0000,1.0000,bam,0.0000,0.0000,FALSE,1972.0000,50.0000,nan,bam/ibm/granite-13b-instruct-v2,100.0000,0.0000,1.0000,multi_process,0.0000,1.10.0,ellarabinovich,TRUE,test,0.0000,TRUE,generative_classification,1.0000,1.0000,system_prompts.empty,FALSE,formats.empty,0.0830,,0.1040,,0.0618,,0.0000,,0.0000,,0.0000,,0.0000,,0.0000,,0.0000,,0.0830,,0.1040,,0.0618,,0.0000,,0.0000,,0.0000,,0.0000,,0.0000,,0.0000,,0.0000,,0.0000,,0.0000,,0.7697,,0.8210,,0.7087,,0.7666,,0.8174,,0.7074,,0.0000,,0.0000,,0.0000,,0.0000,,0.0000,,0.0000,,0.7943,,0.8457,,0.7314,,0.0000,,0.0000,,0.0000,,0.7666,,0.8174,,0.7074,,0.0000,,0.0000,,0.0000,,0.0000,,0.0000,,0.0000,,0.0000,,0.0000,,0.0000,,0.0000,,0.0000,,0.0000,,-0.0410,,-0.0183,,-0.0662,,0.0000,,0.0000,,0.0000,,0.0000,,0.0000,,0.0000,,-0.0410,,-0.0183,,-0.0662,,0.0000,,0.0000,,0.0000,,0.0000,,0.0000,,0.0000,,0.0000,,0.0000,,0.0000,,0.0463,,0.0657,,0.0315,,0.0000,,0.0000,,0.0000,,0.0000,,0.0000,,0.0000,,0.0463,,0.0657,,0.0315,,0.0000,,0.0000,,0.0000,,0.0000,,0.0000,,0.0000,,0.0000,,0.0000,,0.0000,,0.7697,,0.8210,,0.7087,,6612.7038,,1567.0000,,0.2370,,['private/robustness_benchmark_enhanced_paraphrases/single_runs_outputs/run_version_0001/2805e218e6572a1c8a669125e5e2686f2206054d5ab84f474eee30d72bbc029a'],['']
0.0000,0.0000,0.0000,45449.7309,cards.robustness.social_stigma,FALSE,robustness_benchmark,output_text,602833e5234a128065c4120c575cdf44efed9871,0.0000,FALSE,TRUE,['\n\n'],fixed_group_mean_accuracy,augmentors.no_augmentation,0.0000,0.0000,1.0000,bam,0.0000,0.0000,FALSE,1972.0000,50.0000,nan,bam/ibm/granite-13b-chat-v2,100.0000,0.0000,1.0000,multi_process,0.0000,1.10.0,ellarabinovich,TRUE,test,0.0000,TRUE,generative_classification,1.0000,1.0000,system_prompts.models.granite,FALSE,formats.human_assistant,0.0496,,0.0678,,0.0345,,0.0000,,0.0000,,0.0000,,0.0000,,0.0000,,0.0000,,0.0496,,0.0678,,0.0345,,0.0000,,0.0000,,0.0000,,0.0000,,0.0000,,0.0000,,0.0000,,0.0000,,0.0000,,0.7458,,0.7987,,0.6829,,0.7441,,0.7966,,0.6818,,0.0000,,0.0000,,0.0000,,0.0000,,0.0000,,0.0000,,0.7600,,0.8163,,0.6971,,0.0000,,0.0000,,0.0000,,0.7441,,0.7966,,0.6818,,0.0000,,0.0000,,0.0000,,0.0000,,0.0000,,0.0000,,0.0000,,0.0000,,0.0000,,0.0000,,0.0000,,0.0000,,-0.0232,,-0.0022,,-0.0406,,0.0000,,0.0000,,0.0000,,0.0000,,0.0000,,0.0000,,-0.0232,,-0.0022,,-0.0406,,0.0000,,0.0000,,0.0000,,0.0000,,0.0000,,0.0000,,0.0000,,0.0000,,0.0000,,0.0275,,0.0434,,0.0170,,0.0000,,0.0000,,0.0000,,0.0000,,0.0000,,0.0000,,0.0275,,0.0434,,0.0170,,0.0000,,0.0000,,0.0000,,0.0000,,0.0000,,0.0000,,0.0000,,0.0000,,0.0000,,0.7458,,0.7987,,0.6829,,6749.7400,,1567.0000,,0.2322,,['private/robustness_benchmark_enhanced_paraphrases/single_runs_outputs/run_version_0001/f19d9e39702c76a3b993fe3ddc05b2ba9b907943a5fc2d1a251768d3dac1576a'],['']
0.0000,0.0000,0.0000,45449.7309,cards.robustness.social_IG_abuse,FALSE,robustness_benchmark,output_text,602833e5234a128065c4120c575cdf44efed9871,0.0000,FALSE,TRUE,['\n\n'],fixed_group_mean_accuracy,augmentors.no_augmentation,0.0000,0.0000,1.0000,bam,0.0000,0.0000,FALSE,21849.0000,50.0000,nan,bam/ibm/granite-13b-chat-v2,100.0000,0.0000,1.0000,multi_process,0.0000,1.10.0,ellarabinovich,TRUE,test,0.0000,TRUE,generative_classification,1.0000,1.0000,system_prompts.models.granite,FALSE,formats.human_assistant,0.2448,,0.2524,,0.2369,,0.0000,,0.0000,,0.0000,,0.0000,,0.0000,,0.0000,,0.3429,,0.3599,,0.3253,,0.0000,,0.0000,,0.0000,,0.1781,,0.1865,,0.1700,,0.0000,,0.0000,,0.0000,,0.3391,,0.3532,,0.3255,,0.3428,,0.3557,,0.3288,,0.0000,,0.0000,,0.0000,,0.0000,,0.0000,,0.0000,,0.3047,,0.3249,,0.2865,,0.0000,,0.0000,,0.0000,,0.4434,,0.4639,,0.4256,,0.0000,,0.0000,,0.0000,,0.3019,,0.3166,,0.2866,,0.0000,,0.0000,,0.0000,,0.0000,,0.0000,,0.0000,,0.0585,,0.0717,,0.0456,,0.0000,,0.0000,,0.0000,,0.0000,,0.0000,,0.0000,,0.1319,,0.1533,,0.1096,,0.0000,,0.0000,,0.0000,,0.0092,,0.0203,,-0.0021,,0.0000,,0.0000,,0.0000,,0.1485,,0.1597,,0.1368,,0.0000,,0.0000,,0.0000,,0.0000,,0.0000,,0.0000,,0.1552,,0.1727,,0.1389,,0.0000,,0.0000,,0.0000,,0.1041,,0.1132,,0.0949,,0.0000,,0.0000,,0.0000,,0.3391,,0.3532,,0.3255,,6140.9254,,21405.0000,,3.4856,,['private/robustness_benchmark_enhanced_paraphrases/single_runs_outputs/run_version_0001/990bdbecdfcc091d4d1a90c7e5f2d3662cc9c6d42c655f4933cd9671195ee63c'],['']
0.0000,0.0000,0.0000,45451.8180,cards.robustness.social_IG_abuse,FALSE,robustness_benchmark,output_text,602833e5234a128065c4120c575cdf44efed9871,0.0000,FALSE,TRUE,['\n\n'],fixed_group_mean_accuracy,augmentors.no_augmentation,0.0000,0.0000,1.0000,bam,0.0000,0.0000,FALSE,21849.0000,50.0000,nan,bam/mistralai/mixtral-8x7b-instruct-v01,100.0000,0.0000,1.0000,multi_process,0.0000,1.10.0,ellarabinovich,TRUE,test,0.0000,TRUE,generative_classification,1.0000,1.0000,system_prompts.empty,FALSE,formats.empty,0.2037,,0.2115,,0.1958,,0.0000,,0.0000,,0.0000,,0.0000,,0.0000,,0.0000,,0.4285,,0.4460,,0.4090,,0.0000,,0.0000,,0.0000,,0.0814,,0.0890,,0.0753,,0.0000,,0.0000,,0.0000,,0.7551,,0.7673,,0.7429,,0.7511,,0.7633,,0.7390,,0.0000,,0.0000,,0.0000,,0.0000,,0.0000,,0.0000,,0.7859,,0.8031,,0.7692,,0.0000,,0.0000,,0.0000,,0.6184,,0.6362,,0.5992,,0.0000,,0.0000,,0.0000,,0.7748,,0.7905,,0.7598,,0.0000,,0.0000,,0.0000,,0.0000,,0.0000,,0.0000,,-0.0603,,-0.0503,,-0.0718,,0.0000,,0.0000,,0.0000,,0.0000,,0.0000,,0.0000,,-0.1630,,-0.1392,,-0.1899,,0.0000,,0.0000,,0.0000,,-0.0157,,-0.0085,,-0.0232,,0.0000,,0.0000,,0.0000,,0.1196,,0.1269,,0.1130,,0.0000,,0.0000,,0.0000,,0.0000,,0.0000,,0.0000,,0.3526,,0.3735,,0.3324,,0.0000,,0.0000,,0.0000,,0.0434,,0.0490,,0.0383,,0.0000,,0.0000,,0.0000,,0.7551,,0.7673,,0.7429,,36230.2327,,21405.0000,,0.5908,,['private/robustness_benchmark_enhanced_paraphrases/single_runs_outputs/run_version_0001/5077647fb17f1c1d72f551df99e49e2c6b61d01dd0f97e59cdce892ed293d68b'],['']
0.0000,0.0000,0.0000,45451.8180,cards.robustness.social_IG_abuse,FALSE,robustness_benchmark,output_text,602833e5234a128065c4120c575cdf44efed9871,0.0000,FALSE,TRUE,['\n\n'],fixed_group_mean_accuracy,augmentors.no_augmentation,0.0000,0.0000,1.0000,bam,0.0000,0.0000,FALSE,21849.0000,50.0000,nan,bam/google/flan-ul2,100.0000,0.0000,1.0000,multi_process,0.0000,1.10.0,ellarabinovich,TRUE,test,0.0000,TRUE,generative_classification,1.0000,1.0000,system_prompts.empty,FALSE,formats.empty,0.1822,,0.1892,,0.1740,,0.0000,,0.0000,,0.0000,,0.0000,,0.0000,,0.0000,,0.3878,,0.4046,,0.3679,,0.0000,,0.0000,,0.0000,,0.0795,,0.0859,,0.0732,,0.0000,,0.0000,,0.0000,,0.7625,,0.7762,,0.7502,,0.7574,,0.7710,,0.7453,,0.0000,,0.0000,,0.0000,,0.0000,,0.0000,,0.0000,,0.8026,,0.8197,,0.7867,,0.0000,,0.0000,,0.0000,,0.6058,,0.6255,,0.5865,,0.0000,,0.0000,,0.0000,,0.7917,,0.8069,,0.7766,,0.0000,,0.0000,,0.0000,,0.0000,,0.0000,,0.0000,,-0.0700,,-0.0605,,-0.0800,,0.0000,,0.0000,,0.0000,,0.0000,,0.0000,,0.0000,,-0.1921,,-0.1682,,-0.2149,,0.0000,,0.0000,,0.0000,,-0.0185,,-0.0118,,-0.0251,,0.0000,,0.0000,,0.0000,,0.1089,,0.1153,,0.1023,,0.0000,,0.0000,,0.0000,,0.0000,,0.0000,,0.0000,,0.3297,,0.3490,,0.3087,,0.0000,,0.0000,,0.0000,,0.0392,,0.0438,,0.0353,,0.0000,,0.0000,,0.0000,,0.7625,,0.7762,,0.7502,,2629.9562,,21405.0000,,8.1389,,['private/robustness_benchmark_enhanced_paraphrases/single_runs_outputs/run_version_0001/3df9fe3ab292fd8399a111e5f4a523974779d36b4798a8a1fbfc24a4849b7af6'],['']
0.0000,0.0000,0.0000,45452.7363,cards.robustness.social_IG_abuse,FALSE,robustness_benchmark,output_text,602833e5234a128065c4120c575cdf44efed9871,0.0000,FALSE,TRUE,['\n\n'],fixed_group_mean_accuracy,augmentors.no_augmentation,0.0000,0.0000,1.0000,bam,0.0000,0.0000,FALSE,21849.0000,50.0000,nan,bam/google/flan-t5-xxl,100.0000,0.0000,1.0000,multi_process,0.0000,1.10.0,ellarabinovich,TRUE,test,0.0000,TRUE,generative_classification,1.0000,1.0000,system_prompts.empty,FALSE,formats.empty,0.1753,,0.1824,,0.1673,,0.0000,,0.0000,,0.0000,,0.0000,,0.0000,,0.0000,,0.3784,,0.3977,,0.3588,,0.0000,,0.0000,,0.0000,,0.0708,,0.0764,,0.0651,,0.0000,,0.0000,,0.0000,,0.7504,,0.7634,,0.7370,,0.7452,,0.7579,,0.7319,,0.0000,,0.0000,,0.0000,,0.0000,,0.0000,,0.0000,,0.7927,,0.8090,,0.7775,,0.0000,,0.0000,,0.0000,,0.5998,,0.6183,,0.5806,,0.0000,,0.0000,,0.0000,,0.7789,,0.7926,,0.7636,,0.0000,,0.0000,,0.0000,,0.0000,,0.0000,,0.0000,,-0.0700,,-0.0602,,-0.0788,,0.0000,,0.0000,,0.0000,,0.0000,,0.0000,,0.0000,,-0.1872,,-0.1648,,-0.2124,,0.0000,,0.0000,,0.0000,,-0.0205,,-0.0143,,-0.0269,,0.0000,,0.0000,,0.0000,,0.1067,,0.1131,,0.1003,,0.0000,,0.0000,,0.0000,,0.0000,,0.0000,,0.0000,,0.3211,,0.3425,,0.3022,,0.0000,,0.0000,,0.0000,,0.0365,,0.0410,,0.0327,,0.0000,,0.0000,,0.0000,,0.7504,,0.7634,,0.7370,,24564.5055,,21405.0000,,0.8714,,['private/robustness_benchmark_enhanced_paraphrases/single_runs_outputs/run_version_0001/00103ea61dedcd1d55bb8d3b2e4b31f2e80cd4a3248ad324dcbcf7b1a6f5bf3f'],['']
0.0000,0.0000,0.0000,45451.2444,cards.robustness.social_IG_abuse,FALSE,robustness_benchmark,output_text,602833e5234a128065c4120c575cdf44efed9871,0.0000,FALSE,TRUE,['\n\n'],fixed_group_mean_accuracy,augmentors.no_augmentation,0.0000,0.0000,1.0000,bam,0.0000,0.0000,FALSE,21849.0000,50.0000,nan,bam/meta-llama/llama-3-70b-instruct,100.0000,0.0000,1.0000,multi_process,0.0000,1.10.0,ellarabinovich,TRUE,test,0.0000,TRUE,generative_classification,1.0000,1.0000,system_prompts.empty,FALSE,formats.empty,0.1686,,0.1762,,0.1611,,0.0000,,0.0000,,0.0000,,0.0000,,0.0000,,0.0000,,0.3920,,0.4109,,0.3725,,0.0000,,0.0000,,0.0000,,0.0513,,0.0576,,0.0462,,0.0000,,0.0000,,0.0000,,0.7707,,0.7833,,0.7571,,0.7674,,0.7798,,0.7542,,0.0000,,0.0000,,0.0000,,0.0000,,0.0000,,0.0000,,0.7958,,0.8113,,0.7777,,0.0000,,0.0000,,0.0000,,0.6454,,0.6621,,0.6255,,0.0000,,0.0000,,0.0000,,0.7900,,0.8046,,0.7734,,0.0000,,0.0000,,0.0000,,0.0000,,0.0000,,0.0000,,-0.0493,,-0.0399,,-0.0596,,0.0000,,0.0000,,0.0000,,0.0000,,0.0000,,0.0000,,-0.1457,,-0.1228,,-0.1703,,0.0000,,0.0000,,0.0000,,-0.0076,,-0.0021,,-0.0136,,0.0000,,0.0000,,0.0000,,0.0940,,0.1002,,0.0881,,0.0000,,0.0000,,0.0000,,0.0000,,0.0000,,0.0000,,0.3164,,0.3364,,0.2968,,0.0000,,0.0000,,0.0000,,0.0252,,0.0296,,0.0211,,0.0000,,0.0000,,0.0000,,0.7707,,0.7833,,0.7571,,2763.4971,,21405.0000,,7.7456,,['private/robustness_benchmark_enhanced_paraphrases/single_runs_outputs/run_version_0001/dba76e1f9aa0546e4ac1ed9e2d159fd00d143d0f734fe934d56ef6c238339019'],['']
0.0000,0.0000,0.0000,45449.7309,cards.robustness.social_IG_abuse,FALSE,robustness_benchmark,output_text,602833e5234a128065c4120c575cdf44efed9871,0.0000,FALSE,TRUE,['\n\n'],fixed_group_mean_accuracy,augmentors.no_augmentation,0.0000,0.0000,1.0000,bam,0.0000,0.0000,FALSE,21849.0000,50.0000,nan,bam/ibm/granite-13b-instruct-v2,100.0000,0.0000,1.0000,multi_process,0.0000,1.10.0,ellarabinovich,TRUE,test,0.0000,TRUE,generative_classification,1.0000,1.0000,system_prompts.empty,FALSE,formats.empty,0.1190,,0.1258,,0.1118,,0.0000,,0.0000,,0.0000,,0.0000,,0.0000,,0.0000,,0.1596,,0.1725,,0.1469,,0.0000,,0.0000,,0.0000,,0.0870,,0.0933,,0.0806,,0.0000,,0.0000,,0.0000,,0.5846,,0.6013,,0.5665,,0.5835,,0.6000,,0.5659,,0.0000,,0.0000,,0.0000,,0.0000,,0.0000,,0.0000,,0.5926,,0.6114,,0.5703,,0.0000,,0.0000,,0.0000,,0.5594,,0.5782,,0.5401,,0.0000,,0.0000,,0.0000,,0.5877,,0.6052,,0.5695,,0.0000,,0.0000,,0.0000,,0.0000,,0.0000,,0.0000,,-0.0103,,-0.0012,,-0.0184,,0.0000,,0.0000,,0.0000,,0.0000,,0.0000,,0.0000,,-0.0187,,-0.0045,,-0.0342,,0.0000,,0.0000,,0.0000,,-0.0050,,0.0025,,-0.0121,,0.0000,,0.0000,,0.0000,,0.0621,,0.0687,,0.0561,,0.0000,,0.0000,,0.0000,,0.0000,,0.0000,,0.0000,,0.0994,,0.1110,,0.0882,,0.0000,,0.0000,,0.0000,,0.0428,,0.0483,,0.0379,,0.0000,,0.0000,,0.0000,,0.5846,,0.6013,,0.5665,,18896.2119,,21405.0000,,1.1328,,['private/robustness_benchmark_enhanced_paraphrases/single_runs_outputs/run_version_0001/2165d83ef66a586f4c3f4628a5c4d163bc205d54d1c93b9193a16525fabc6091'],['']
0.0000,0.0000,0.0000,45451.4857,cards.robustness.social_IG_abuse,FALSE,robustness_benchmark,output_text,602833e5234a128065c4120c575cdf44efed9871,0.0000,FALSE,TRUE,['\n\n'],fixed_group_mean_accuracy,augmentors.no_augmentation,0.0000,0.0000,1.0000,bam,0.0000,0.0000,FALSE,21849.0000,50.0000,nan,bam/meta-llama/llama-2-13b-chat,100.0000,0.0000,1.0000,multi_process,0.0000,1.10.0,ellarabinovich,TRUE,test,0.0000,TRUE,generative_classification,1.0000,1.0000,system_prompts.models.llama2,FALSE,formats.llama2,0.0148,,0.0178,,0.0123,,0.0000,,0.0000,,0.0000,,0.0000,,0.0000,,0.0000,,0.0135,,0.0187,,0.0096,,0.0000,,0.0000,,0.0000,,0.0132,,0.0160,,0.0108,,0.0000,,0.0000,,0.0000,,0.4318,,0.4495,,0.4109,,0.4316,,0.4493,,0.4107,,0.0000,,0.0000,,0.0000,,0.0000,,0.0000,,0.0000,,0.4337,,0.4518,,0.4136,,0.0000,,0.0000,,0.0000,,0.4549,,0.4741,,0.4344,,0.0000,,0.0000,,0.0000,,0.4292,,0.4476,,0.4086,,0.0000,,0.0000,,0.0000,,0.0000,,0.0000,,0.0000,,-0.0049,,-0.0020,,-0.0077,,0.0000,,0.0000,,0.0000,,0.0000,,0.0000,,0.0000,,0.0053,,0.0100,,0.0011,,0.0000,,0.0000,,0.0000,,-0.0069,,-0.0040,,-0.0097,,0.0000,,0.0000,,0.0000,,0.0061,,0.0077,,0.0049,,0.0000,,0.0000,,0.0000,,0.0000,,0.0000,,0.0000,,0.0037,,0.0064,,0.0021,,0.0000,,0.0000,,0.0000,,0.0070,,0.0090,,0.0056,,0.0000,,0.0000,,0.0000,,0.4318,,0.4495,,0.4109,,4515.2482,,21405.0000,,4.7406,,['private/robustness_benchmark_enhanced_paraphrases/single_runs_outputs/run_version_0001/24c11a30a0cf38bf3197cbaff322d9df9e9040a2c2c5475a1475caec1eee821f'],['']
0.0000,0.0000,0.0000,45449.7309,cards.robustness.pop_qa,FALSE,robustness_benchmark,output_text,602833e5234a128065c4120c575cdf44efed9871,0.0000,FALSE,TRUE,['\n\n'],fixed_group_mean_string_containment,augmentors.no_augmentation,0.0000,0.0000,1.0000,bam,0.0000,0.0000,FALSE,50000.0000,50.0000,nan,bam/ibm/granite-13b-chat-v2,100.0000,0.0000,1.0000,multi_process,0.0000,1.10.0,ellarabinovich,TRUE,test,0.0000,TRUE,QA,1.0000,1.0000,system_prompts.models.granite,FALSE,formats.human_assistant,0.0000,,0.0000,,0.0000,,0.0429,,0.0470,,0.0392,,0.0000,,0.0000,,0.0000,,0.0000,,0.0000,,0.0000,,0.0455,,0.0504,,0.0409,,0.0000,,0.0000,,0.0000,,0.0322,,0.0359,,0.0288,,0.0000,,0.0000,,0.0000,,0.0000,,0.0000,,0.0000,,0.0864,,0.0952,,0.0784,,0.0000,,0.0000,,0.0000,,0.0000,,0.0000,,0.0000,,0.0801,,0.0897,,0.0709,,0.0000,,0.0000,,0.0000,,0.0919,,0.1016,,0.0837,,0.0000,,0.0000,,0.0000,,0.0797,,0.0883,,0.0714,,0.0859,,0.0949,,0.0779,,0.0000,,0.0000,,0.0000,,0.0104,,0.0148,,0.0063,,0.0000,,0.0000,,0.0000,,0.0000,,0.0000,,0.0000,,0.0132,,0.0185,,0.0085,,0.0000,,0.0000,,0.0000,,0.0014,,0.0053,,-0.0023,,0.0000,,0.0000,,0.0000,,0.0153,,0.0181,,0.0126,,0.0000,,0.0000,,0.0000,,0.0000,,0.0000,,0.0000,,0.0159,,0.0192,,0.0127,,0.0000,,0.0000,,0.0000,,0.0144,,0.0173,,0.0120,,0.0859,,0.0949,,0.0779,,11758.5356,,50000.0000,,4.2522,,['private/robustness_benchmark_enhanced_paraphrases/single_runs_outputs/run_version_0001/f18e64ee5210e0e4c385a2b9d3fc1189ac1ecf01b3354b6c3610071a7eab5581'],['']
0.0000,0.0000,0.0000,45449.7309,cards.robustness.pop_qa,FALSE,robustness_benchmark,output_text,602833e5234a128065c4120c575cdf44efed9871,0.0000,FALSE,TRUE,['\n\n'],fixed_group_mean_string_containment,augmentors.no_augmentation,0.0000,0.0000,1.0000,bam,0.0000,0.0000,FALSE,50000.0000,50.0000,nan,bam/ibm/granite-13b-instruct-v2,100.0000,0.0000,1.0000,multi_process,0.0000,1.10.0,ellarabinovich,TRUE,test,0.0000,TRUE,QA,1.0000,1.0000,system_prompts.empty,FALSE,formats.empty,0.0000,,0.0000,,0.0000,,0.0593,,0.0635,,0.0552,,0.0000,,0.0000,,0.0000,,0.0000,,0.0000,,0.0000,,0.0553,,0.0602,,0.0507,,0.0000,,0.0000,,0.0000,,0.0514,,0.0555,,0.0469,,0.0000,,0.0000,,0.0000,,0.0000,,0.0000,,0.0000,,0.1408,,0.1515,,0.1314,,0.0000,,0.0000,,0.0000,,0.0000,,0.0000,,0.0000,,0.1546,,0.1671,,0.1437,,0.0000,,0.0000,,0.0000,,0.1437,,0.1545,,0.1340,,0.0000,,0.0000,,0.0000,,0.1381,,0.1483,,0.1283,,0.1419,,0.1527,,0.1325,,0.0000,,0.0000,,0.0000,,-0.0159,,-0.0111,,-0.0205,,0.0000,,0.0000,,0.0000,,0.0000,,0.0000,,0.0000,,-0.0116,,-0.0065,,-0.0167,,0.0000,,0.0000,,0.0000,,-0.0192,,-0.0147,,-0.0240,,0.0000,,0.0000,,0.0000,,0.0317,,0.0355,,0.0284,,0.0000,,0.0000,,0.0000,,0.0000,,0.0000,,0.0000,,0.0310,,0.0356,,0.0273,,0.0000,,0.0000,,0.0000,,0.0306,,0.0342,,0.0270,,0.1419,,0.1527,,0.1325,,7318.6510,,50000.0000,,6.8319,,['private/robustness_benchmark_enhanced_paraphrases/single_runs_outputs/run_version_0001/b4b5e6f082af393da10fe493f3541b33a05dd9a1acaf92840e378d6c25c41782'],['']
0.0000,0.0000,0.0000,45451.2444,cards.robustness.pop_qa,FALSE,robustness_benchmark,output_text,602833e5234a128065c4120c575cdf44efed9871,0.0000,FALSE,TRUE,['\n\n'],fixed_group_mean_string_containment,augmentors.no_augmentation,0.0000,0.0000,1.0000,bam,0.0000,0.0000,FALSE,50000.0000,50.0000,nan,bam/meta-llama/llama-3-70b-instruct,100.0000,0.0000,1.0000,multi_process,0.0000,1.10.0,ellarabinovich,TRUE,test,0.0000,TRUE,QA,1.0000,1.0000,system_prompts.empty,FALSE,formats.empty,0.0000,,0.0000,,0.0000,,0.1464,,0.1531,,0.1401,,0.0000,,0.0000,,0.0000,,0.0000,,0.0000,,0.0000,,0.1476,,0.1554,,0.1403,,0.0000,,0.0000,,0.0000,,0.1208,,0.1277,,0.1148,,0.0000,,0.0000,,0.0000,,0.0000,,0.0000,,0.0000,,0.3288,,0.3425,,0.3154,,0.0000,,0.0000,,0.0000,,0.0000,,0.0000,,0.0000,,0.3688,,0.3855,,0.3511,,0.0000,,0.0000,,0.0000,,0.3353,,0.3491,,0.3218,,0.0000,,0.0000,,0.0000,,0.3207,,0.3348,,0.3060,,0.3316,,0.3452,,0.3178,,0.0000,,0.0000,,0.0000,,-0.0417,,-0.0337,,-0.0504,,0.0000,,0.0000,,0.0000,,0.0000,,0.0000,,0.0000,,-0.0336,,-0.0247,,-0.0433,,0.0000,,0.0000,,0.0000,,-0.0516,,-0.0443,,-0.0598,,0.0000,,0.0000,,0.0000,,0.0962,,0.1036,,0.0897,,0.0000,,0.0000,,0.0000,,0.0000,,0.0000,,0.0000,,0.0975,,0.1060,,0.0901,,0.0000,,0.0000,,0.0000,,0.0844,,0.0912,,0.0782,,0.3316,,0.3452,,0.3178,,11124.6522,,50000.0000,,4.4945,,['private/robustness_benchmark_enhanced_paraphrases/single_runs_outputs/run_version_0001/a87a0c8442fc6eaa74c7a9ccd9b48d65f7f3dd6a976fe781e1c3ac3a32d0e19e'],['']
0.0000,0.0000,0.0000,45451.4857,cards.robustness.pop_qa,FALSE,robustness_benchmark,output_text,602833e5234a128065c4120c575cdf44efed9871,0.0000,FALSE,TRUE,['\n\n'],fixed_group_mean_string_containment,augmentors.no_augmentation,0.0000,0.0000,1.0000,bam,0.0000,0.0000,FALSE,50000.0000,50.0000,nan,bam/meta-llama/llama-2-13b-chat,100.0000,0.0000,1.0000,multi_process,0.0000,1.10.0,ellarabinovich,TRUE,test,0.0000,TRUE,QA,1.0000,1.0000,system_prompts.models.llama2,FALSE,formats.llama2,0.0000,,0.0000,,0.0000,,0.0016,,0.0027,,0.0009,,0.0000,,0.0000,,0.0000,,0.0000,,0.0000,,0.0000,,0.0012,,0.0024,,0.0005,,0.0000,,0.0000,,0.0000,,0.0016,,0.0028,,0.0009,,0.0000,,0.0000,,0.0000,,0.0000,,0.0000,,0.0000,,0.0067,,0.0094,,0.0045,,0.0000,,0.0000,,0.0000,,0.0000,,0.0000,,0.0000,,0.0071,,0.0100,,0.0048,,0.0000,,0.0000,,0.0000,,0.0062,,0.0089,,0.0041,,0.0000,,0.0000,,0.0000,,0.0072,,0.0100,,0.0049,,0.0067,,0.0095,,0.0045,,0.0000,,0.0000,,0.0000,,0.0000,,0.0008,,-0.0012,,0.0000,,0.0000,,0.0000,,0.0000,,0.0000,,0.0000,,-0.0007,,-0.0001,,-0.0021,,0.0000,,0.0000,,0.0000,,0.0004,,0.0013,,-0.0006,,0.0000,,0.0000,,0.0000,,0.0009,,0.0020,,0.0002,,0.0000,,0.0000,,0.0000,,0.0000,,0.0000,,0.0000,,0.0011,,0.0024,,0.0003,,0.0000,,0.0000,,0.0000,,0.0007,,0.0016,,0.0001,,0.0067,,0.0095,,0.0045,,10449.1240,,50000.0000,,4.7851,,['private/robustness_benchmark_enhanced_paraphrases/single_runs_outputs/run_version_0001/2ba19905ba4d52a15df652da9b858108de6b90816aeb80306610702e84bb5d9e'],['']
0.0000,0.0000,0.0000,45451.8180,cards.robustness.pop_qa,FALSE,robustness_benchmark,output_text,602833e5234a128065c4120c575cdf44efed9871,0.0000,FALSE,TRUE,['\n\n'],fixed_group_mean_string_containment,augmentors.no_augmentation,0.0000,0.0000,1.0000,bam,0.0000,0.0000,FALSE,50000.0000,50.0000,nan,bam/google/flan-ul2,100.0000,0.0000,1.0000,multi_process,0.0000,1.10.0,ellarabinovich,TRUE,test,0.0000,TRUE,QA,1.0000,1.0000,system_prompts.empty,FALSE,formats.empty,0.0000,,0.0000,,0.0000,,0.0664,,0.0712,,0.0622,,0.0000,,0.0000,,0.0000,,0.0000,,0.0000,,0.0000,,0.0581,,0.0642,,0.0539,,0.0000,,0.0000,,0.0000,,0.0604,,0.0650,,0.0561,,0.0000,,0.0000,,0.0000,,0.0000,,0.0000,,0.0000,,0.1384,,0.1492,,0.1289,,0.0000,,0.0000,,0.0000,,0.0000,,0.0000,,0.0000,,0.1446,,0.1570,,0.1334,,0.0000,,0.0000,,0.0000,,0.1369,,0.1475,,0.1269,,0.0000,,0.0000,,0.0000,,0.1398,,0.1506,,0.1301,,0.1389,,0.1496,,0.1294,,0.0000,,0.0000,,0.0000,,-0.0068,,-0.0016,,-0.0121,,0.0000,,0.0000,,0.0000,,0.0000,,0.0000,,0.0000,,-0.0073,,-0.0018,,-0.0131,,0.0000,,0.0000,,0.0000,,-0.0064,,-0.0011,,-0.0114,,0.0000,,0.0000,,0.0000,,0.0322,,0.0362,,0.0289,,0.0000,,0.0000,,0.0000,,0.0000,,0.0000,,0.0000,,0.0321,,0.0371,,0.0283,,0.0000,,0.0000,,0.0000,,0.0300,,0.0337,,0.0267,,0.1389,,0.1496,,0.1294,,7240.6051,,50000.0000,,6.9055,,['private/robustness_benchmark_enhanced_paraphrases/single_runs_outputs/run_version_0001/d8760460bbd6515f9229e73e3115a376e9ec7b58fee7e810fa5dccc040daaf6a'],['']
0.0000,0.0000,0.0000,45451.8180,cards.robustness.pop_qa,FALSE,robustness_benchmark,output_text,602833e5234a128065c4120c575cdf44efed9871,0.0000,FALSE,TRUE,['\n\n'],fixed_group_mean_string_containment,augmentors.no_augmentation,0.0000,0.0000,1.0000,bam,0.0000,0.0000,FALSE,50000.0000,50.0000,nan,bam/mistralai/mixtral-8x7b-instruct-v01,100.0000,0.0000,1.0000,multi_process,0.0000,1.10.0,ellarabinovich,TRUE,test,0.0000,TRUE,QA,1.0000,1.0000,system_prompts.empty,FALSE,formats.empty,0.0000,,0.0000,,0.0000,,0.1565,,0.1625,,0.1499,,0.0000,,0.0000,,0.0000,,0.0000,,0.0000,,0.0000,,0.1556,,0.1628,,0.1482,,0.0000,,0.0000,,0.0000,,0.1318,,0.1382,,0.1256,,0.0000,,0.0000,,0.0000,,0.0000,,0.0000,,0.0000,,0.3554,,0.3681,,0.3413,,0.0000,,0.0000,,0.0000,,0.0000,,0.0000,,0.0000,,0.3925,,0.4075,,0.3752,,0.0000,,0.0000,,0.0000,,0.3593,,0.3729,,0.3452,,0.0000,,0.0000,,0.0000,,0.3507,,0.3632,,0.3354,,0.3581,,0.3708,,0.3437,,0.0000,,0.0000,,0.0000,,-0.0442,,-0.0361,,-0.0522,,0.0000,,0.0000,,0.0000,,0.0000,,0.0000,,0.0000,,-0.0370,,-0.0281,,-0.0457,,0.0000,,0.0000,,0.0000,,-0.0483,,-0.0400,,-0.0559,,0.0000,,0.0000,,0.0000,,0.0987,,0.1052,,0.0927,,0.0000,,0.0000,,0.0000,,0.0000,,0.0000,,0.0000,,0.1001,,0.1078,,0.0932,,0.0000,,0.0000,,0.0000,,0.0869,,0.0929,,0.0806,,0.3581,,0.3708,,0.3437,,17449.1077,,50000.0000,,2.8655,,['private/robustness_benchmark_enhanced_paraphrases/single_runs_outputs/run_version_0001/381bb7ede8e06f003f98e971f2904d996aec798b3031b0750db8470b566acf41'],['']
0.0000,0.0000,0.0000,45452.7363,cards.robustness.pop_qa,FALSE,robustness_benchmark,output_text,602833e5234a128065c4120c575cdf44efed9871,0.0000,FALSE,TRUE,['\n\n'],fixed_group_mean_string_containment,augmentors.no_augmentation,0.0000,0.0000,1.0000,bam,0.0000,0.0000,FALSE,50000.0000,50.0000,nan,bam/google/flan-t5-xxl,100.0000,0.0000,1.0000,multi_process,0.0000,1.10.0,ellarabinovich,TRUE,test,0.0000,TRUE,QA,1.0000,1.0000,system_prompts.empty,FALSE,formats.empty,0.0000,,0.0000,,0.0000,,0.0581,,0.0627,,0.0541,,0.0000,,0.0000,,0.0000,,0.0000,,0.0000,,0.0000,,0.0470,,0.0515,,0.0428,,0.0000,,0.0000,,0.0000,,0.0577,,0.0627,,0.0532,,0.0000,,0.0000,,0.0000,,0.0000,,0.0000,,0.0000,,0.1283,,0.1379,,0.1184,,0.0000,,0.0000,,0.0000,,0.0000,,0.0000,,0.0000,,0.1292,,0.1397,,0.1175,,0.0000,,0.0000,,0.0000,,0.1268,,0.1374,,0.1169,,0.0000,,0.0000,,0.0000,,0.1296,,0.1388,,0.1198,,0.1284,,0.1379,,0.1186,,0.0000,,0.0000,,0.0000,,-0.0014,,0.0037,,-0.0063,,0.0000,,0.0000,,0.0000,,0.0000,,0.0000,,0.0000,,-0.0030,,0.0017,,-0.0079,,0.0000,,0.0000,,0.0000,,-0.0001,,0.0056,,-0.0049,,0.0000,,0.0000,,0.0000,,0.0257,,0.0292,,0.0225,,0.0000,,0.0000,,0.0000,,0.0000,,0.0000,,0.0000,,0.0234,,0.0271,,0.0199,,0.0000,,0.0000,,0.0000,,0.0269,,0.0305,,0.0238,,0.1284,,0.1379,,0.1186,,12378.7515,,50000.0000,,4.0392,,['private/robustness_benchmark_enhanced_paraphrases/single_runs_outputs/run_version_0001/8bbc12b6b22ad0917dde457cdd474e56f27a3d8465d09929964ad42565b91d76'],['']
0.0000,1.0000,0.0000,45451.4857,cards.robustness.boolq,FALSE,robustness_benchmark,output_text,602833e5234a128065c4120c575cdf44efed9871,0.0000,FALSE,TRUE,['\n\n'],fixed_group_mean_accuracy,augmentors.no_augmentation,0.0000,0.0000,1.0000,bam,0.0000,0.0000,FALSE,29394.0000,50.0000,nan,bam/meta-llama/llama-2-13b-chat,100.0000,0.0000,1.0000,multi_process,0.0000,1.10.0,ellarabinovich,TRUE,test,0.0000,TRUE,QA,1.0000,1.0000,system_prompts.models.llama2,FALSE,formats.llama2,0.2002,,0.2086,,0.1931,,0.0000,,0.0000,,0.0000,,0.1311,,0.1429,,0.1207,,0.2474,,0.2603,,0.2360,,0.0000,,0.0000,,0.0000,,0.0930,,0.1007,,0.0861,,0.0000,,0.0000,,0.0000,,0.6443,,0.6586,,0.6313,,0.6354,,0.6494,,0.6219,,0.0000,,0.0000,,0.0000,,0.6411,,0.6573,,0.6242,,0.7302,,0.7462,,0.7133,,0.0000,,0.0000,,0.0000,,0.5939,,0.6099,,0.5796,,0.0000,,0.0000,,0.0000,,0.6912,,0.7069,,0.6763,,0.0000,,0.0000,,0.0000,,0.0000,,0.0000,,0.0000,,-0.1095,,-0.0998,,-0.1206,,0.0000,,0.0000,,0.0000,,-0.0886,,-0.0781,,-0.1009,,-0.1411,,-0.1274,,-0.1566,,0.0000,,0.0000,,0.0000,,-0.0427,,-0.0344,,-0.0508,,0.0000,,0.0000,,0.0000,,0.1510,,0.1600,,0.1430,,0.0000,,0.0000,,0.0000,,0.1138,,0.1257,,0.1044,,0.2088,,0.2224,,0.1972,,0.0000,,0.0000,,0.0000,,0.0660,,0.0729,,0.0599,,0.0000,,0.0000,,0.0000,,0.6443,,0.6586,,0.6313,,5590.2049,,29394.0000,,5.2581,,['private/robustness_benchmark_enhanced_paraphrases/single_runs_outputs/run_version_0001/15d8ed694a0b6eff62f992d86362d8a028d46d4129647aca9b72e4b29b86ecbc'],['']
0.0000,1.0000,0.0000,45449.7309,cards.robustness.boolq,FALSE,robustness_benchmark,output_text,602833e5234a128065c4120c575cdf44efed9871,0.0000,FALSE,TRUE,['\n\n'],fixed_group_mean_accuracy,augmentors.no_augmentation,0.0000,0.0000,1.0000,bam,0.0000,0.0000,FALSE,29394.0000,50.0000,nan,bam/ibm/granite-13b-chat-v2,100.0000,0.0000,1.0000,multi_process,0.0000,1.10.0,ellarabinovich,TRUE,test,0.0000,TRUE,QA,1.0000,1.0000,system_prompts.models.granite,FALSE,formats.human_assistant,0.1805,,0.1876,,0.1738,,0.0000,,0.0000,,0.0000,,0.0973,,0.1083,,0.0886,,0.2161,,0.2268,,0.2055,,0.0000,,0.0000,,0.0000,,0.0968,,0.1037,,0.0888,,0.0000,,0.0000,,0.0000,,0.7585,,0.7704,,0.7476,,0.7530,,0.7650,,0.7421,,0.0000,,0.0000,,0.0000,,0.7642,,0.7781,,0.7500,,0.8116,,0.8253,,0.7981,,0.0000,,0.0000,,0.0000,,0.7320,,0.7449,,0.7199,,0.0000,,0.0000,,0.0000,,0.7736,,0.7874,,0.7613,,0.0000,,0.0000,,0.0000,,0.0000,,0.0000,,0.0000,,-0.0792,,-0.0692,,-0.0880,,0.0000,,0.0000,,0.0000,,-0.0472,,-0.0373,,-0.0569,,-0.0895,,-0.0765,,-0.1016,,0.0000,,0.0000,,0.0000,,-0.0422,,-0.0344,,-0.0501,,0.0000,,0.0000,,0.0000,,0.1171,,0.1241,,0.1103,,0.0000,,0.0000,,0.0000,,0.0749,,0.0847,,0.0668,,0.1597,,0.1707,,0.1502,,0.0000,,0.0000,,0.0000,,0.0675,,0.0737,,0.0605,,0.0000,,0.0000,,0.0000,,0.7585,,0.7704,,0.7476,,7620.5988,,29394.0000,,3.8572,,['private/robustness_benchmark_enhanced_paraphrases/single_runs_outputs/run_version_0001/665fd4fd7c68e4a9b348d6739946dc31ef50ebeaa390582032c2026695431410'],['']
0.0000,1.0000,0.0000,45451.8180,cards.robustness.boolq,FALSE,robustness_benchmark,output_text,602833e5234a128065c4120c575cdf44efed9871,0.0000,FALSE,TRUE,['\n\n'],fixed_group_mean_accuracy,augmentors.no_augmentation,0.0000,0.0000,1.0000,bam,0.0000,0.0000,FALSE,29394.0000,50.0000,nan,bam/mistralai/mixtral-8x7b-instruct-v01,100.0000,0.0000,1.0000,multi_process,0.0000,1.10.0,ellarabinovich,TRUE,test,0.0000,TRUE,QA,1.0000,1.0000,system_prompts.empty,FALSE,formats.empty,0.1280,,0.1349,,0.1218,,0.0000,,0.0000,,0.0000,,0.0430,,0.0493,,0.0368,,0.1709,,0.1807,,0.1621,,0.0000,,0.0000,,0.0000,,0.0488,,0.0544,,0.0436,,0.0000,,0.0000,,0.0000,,0.8528,,0.8626,,0.8429,,0.8492,,0.8588,,0.8392,,0.0000,,0.0000,,0.0000,,0.8821,,0.8940,,0.8705,,0.8872,,0.8988,,0.8747,,0.0000,,0.0000,,0.0000,,0.8127,,0.8242,,0.8013,,0.0000,,0.0000,,0.0000,,0.8796,,0.8909,,0.8693,,0.0000,,0.0000,,0.0000,,0.0000,,0.0000,,0.0000,,-0.0624,,-0.0548,,-0.0704,,0.0000,,0.0000,,0.0000,,-0.0052,,0.0013,,-0.0119,,-0.0868,,-0.0754,,-0.0973,,0.0000,,0.0000,,0.0000,,-0.0102,,-0.0049,,-0.0164,,0.0000,,0.0000,,0.0000,,0.0731,,0.0788,,0.0682,,0.0000,,0.0000,,0.0000,,0.0248,,0.0300,,0.0204,,0.1246,,0.1340,,0.1166,,0.0000,,0.0000,,0.0000,,0.0273,,0.0315,,0.0237,,0.0000,,0.0000,,0.0000,,0.8528,,0.8626,,0.8429,,7494.9379,,29394.0000,,3.9218,,['private/robustness_benchmark_enhanced_paraphrases/single_runs_outputs/run_version_0001/0888d6f0a5428958abc9a093a570a263c987fb9563b42af8c69b8eb8b562f4e3'],['']
0.0000,1.0000,0.0000,45449.7309,cards.robustness.boolq,FALSE,robustness_benchmark,output_text,602833e5234a128065c4120c575cdf44efed9871,0.0000,FALSE,TRUE,['\n\n'],fixed_group_mean_accuracy,augmentors.no_augmentation,0.0000,0.0000,1.0000,bam,0.0000,0.0000,FALSE,29394.0000,50.0000,nan,bam/ibm/granite-13b-instruct-v2,100.0000,0.0000,1.0000,multi_process,0.0000,1.10.0,ellarabinovich,TRUE,test,0.0000,TRUE,QA,1.0000,1.0000,system_prompts.empty,FALSE,formats.empty,0.1238,,0.1308,,0.1172,,0.0000,,0.0000,,0.0000,,0.0537,,0.0616,,0.0474,,0.1600,,0.1689,,0.1503,,0.0000,,0.0000,,0.0000,,0.0545,,0.0603,,0.0489,,0.0000,,0.0000,,0.0000,,0.8127,,0.8240,,0.8012,,0.8092,,0.8205,,0.7977,,0.0000,,0.0000,,0.0000,,0.8330,,0.8459,,0.8198,,0.8462,,0.8603,,0.8328,,0.0000,,0.0000,,0.0000,,0.7827,,0.7948,,0.7702,,0.0000,,0.0000,,0.0000,,0.8304,,0.8429,,0.8172,,0.0000,,0.0000,,0.0000,,0.0000,,0.0000,,0.0000,,-0.0523,,-0.0447,,-0.0606,,0.0000,,0.0000,,0.0000,,-0.0130,,-0.0059,,-0.0204,,-0.0701,,-0.0591,,-0.0805,,0.0000,,0.0000,,0.0000,,-0.0177,,-0.0118,,-0.0244,,0.0000,,0.0000,,0.0000,,0.0744,,0.0806,,0.0689,,0.0000,,0.0000,,0.0000,,0.0345,,0.0412,,0.0295,,0.1165,,0.1250,,0.1078,,0.0000,,0.0000,,0.0000,,0.0346,,0.0399,,0.0302,,0.0000,,0.0000,,0.0000,,0.8127,,0.8240,,0.8012,,4771.9747,,29394.0000,,6.1597,,['private/robustness_benchmark_enhanced_paraphrases/single_runs_outputs/run_version_0001/48ad8dfdbb0fcb87fb689f89b94d7daac32127ebd39d094ae9f75f8e59155f49'],['']
0.0000,1.0000,0.0000,45451.2444,cards.robustness.boolq,FALSE,robustness_benchmark,output_text,602833e5234a128065c4120c575cdf44efed9871,0.0000,FALSE,TRUE,['\n\n'],fixed_group_mean_accuracy,augmentors.no_augmentation,0.0000,0.0000,1.0000,bam,0.0000,0.0000,FALSE,29394.0000,50.0000,nan,bam/meta-llama/llama-3-70b-instruct,100.0000,0.0000,1.0000,multi_process,0.0000,1.10.0,ellarabinovich,TRUE,test,0.0000,TRUE,QA,1.0000,1.0000,system_prompts.empty,FALSE,formats.empty,0.1208,,0.1271,,0.1145,,0.0000,,0.0000,,0.0000,,0.0443,,0.0505,,0.0382,,0.1651,,0.1747,,0.1560,,0.0000,,0.0000,,0.0000,,0.0356,,0.0404,,0.0313,,0.0000,,0.0000,,0.0000,,0.8541,,0.8637,,0.8442,,0.8502,,0.8599,,0.8404,,0.0000,,0.0000,,0.0000,,0.8826,,0.8936,,0.8711,,0.8916,,0.9017,,0.8796,,0.0000,,0.0000,,0.0000,,0.8125,,0.8242,,0.8015,,0.0000,,0.0000,,0.0000,,0.8801,,0.8911,,0.8688,,0.0000,,0.0000,,0.0000,,0.0000,,0.0000,,0.0000,,-0.0626,,-0.0551,,-0.0702,,0.0000,,0.0000,,0.0000,,-0.0083,,-0.0015,,-0.0149,,-0.0896,,-0.0788,,-0.1008,,0.0000,,0.0000,,0.0000,,-0.0132,,-0.0086,,-0.0178,,0.0000,,0.0000,,0.0000,,0.0713,,0.0763,,0.0667,,0.0000,,0.0000,,0.0000,,0.0270,,0.0323,,0.0219,,0.1247,,0.1336,,0.1157,,0.0000,,0.0000,,0.0000,,0.0224,,0.0263,,0.0194,,0.0000,,0.0000,,0.0000,,0.8541,,0.8637,,0.8442,,4158.4219,,29394.0000,,7.0685,,['private/robustness_benchmark_enhanced_paraphrases/single_runs_outputs/run_version_0001/11e9fd0a09b03dafc22b0b8e8d0a10275523a23dda0c01b8d2b08ab31787c280'],['']
0.0000,1.0000,0.0000,45452.7363,cards.robustness.boolq,FALSE,robustness_benchmark,output_text,602833e5234a128065c4120c575cdf44efed9871,0.0000,FALSE,TRUE,['\n\n'],fixed_group_mean_accuracy,augmentors.no_augmentation,0.0000,0.0000,1.0000,bam,0.0000,0.0000,FALSE,29394.0000,50.0000,nan,bam/google/flan-t5-xxl,100.0000,0.0000,1.0000,multi_process,0.0000,1.10.0,ellarabinovich,TRUE,test,0.0000,TRUE,QA,1.0000,1.0000,system_prompts.empty,FALSE,formats.empty,0.1033,,0.1090,,0.0977,,0.0000,,0.0000,,0.0000,,0.0148,,0.0196,,0.0115,,0.1426,,0.1522,,0.1341,,0.0000,,0.0000,,0.0000,,0.0330,,0.0372,,0.0291,,0.0000,,0.0000,,0.0000,,0.8757,,0.8847,,0.8663,,0.8723,,0.8810,,0.8629,,0.0000,,0.0000,,0.0000,,0.9068,,0.9172,,0.8958,,0.9085,,0.9189,,0.8970,,0.0000,,0.0000,,0.0000,,0.8413,,0.8513,,0.8294,,0.0000,,0.0000,,0.0000,,0.8943,,0.9032,,0.8831,,0.0000,,0.0000,,0.0000,,0.0000,,0.0000,,0.0000,,-0.0580,,-0.0515,,-0.0654,,0.0000,,0.0000,,0.0000,,-0.0014,,0.0027,,-0.0052,,-0.0787,,-0.0697,,-0.0902,,0.0000,,0.0000,,0.0000,,-0.0164,,-0.0124,,-0.0207,,0.0000,,0.0000,,0.0000,,0.0585,,0.0635,,0.0543,,0.0000,,0.0000,,0.0000,,0.0082,,0.0115,,0.0056,,0.1047,,0.1139,,0.0968,,0.0000,,0.0000,,0.0000,,0.0222,,0.0256,,0.0191,,0.0000,,0.0000,,0.0000,,0.8757,,0.8847,,0.8663,,4224.9165,,29394.0000,,6.9573,,['private/robustness_benchmark_enhanced_paraphrases/single_runs_outputs/run_version_0001/898d98c56a7f04de4e91c7b2e41f3eb5f543a079aaa3a1e928f09eb0e1ffea52'],['']
0.0000,1.0000,0.0000,45451.8180,cards.robustness.boolq,FALSE,robustness_benchmark,output_text,602833e5234a128065c4120c575cdf44efed9871,0.0000,FALSE,TRUE,['\n\n'],fixed_group_mean_accuracy,augmentors.no_augmentation,0.0000,0.0000,1.0000,bam,0.0000,0.0000,FALSE,29394.0000,50.0000,nan,bam/google/flan-ul2,100.0000,0.0000,1.0000,multi_process,0.0000,1.10.0,ellarabinovich,TRUE,test,0.0000,TRUE,QA,1.0000,1.0000,system_prompts.empty,FALSE,formats.empty,0.1025,,0.1082,,0.0965,,0.0000,,0.0000,,0.0000,,0.0128,,0.0168,,0.0094,,0.1401,,0.1489,,0.1312,,0.0000,,0.0000,,0.0000,,0.0390,,0.0441,,0.0347,,0.0000,,0.0000,,0.0000,,0.8785,,0.8875,,0.8693,,0.8746,,0.8836,,0.8655,,0.0000,,0.0000,,0.0000,,0.9156,,0.9251,,0.9050,,0.9164,,0.9269,,0.9056,,0.0000,,0.0000,,0.0000,,0.8390,,0.8499,,0.8286,,0.0000,,0.0000,,0.0000,,0.8971,,0.9068,,0.8860,,0.0000,,0.0000,,0.0000,,0.0000,,0.0000,,0.0000,,-0.0647,,-0.0585,,-0.0713,,0.0000,,0.0000,,0.0000,,-0.0005,,0.0032,,-0.0041,,-0.0886,,-0.0793,,-0.0984,,0.0000,,0.0000,,0.0000,,-0.0219,,-0.0170,,-0.0270,,0.0000,,0.0000,,0.0000,,0.0607,,0.0652,,0.0564,,0.0000,,0.0000,,0.0000,,0.0067,,0.0096,,0.0045,,0.1073,,0.1150,,0.0988,,0.0000,,0.0000,,0.0000,,0.0278,,0.0318,,0.0241,,0.0000,,0.0000,,0.0000,,0.8785,,0.8875,,0.8693,,4190.2234,,29394.0000,,7.0149,,['private/robustness_benchmark_enhanced_paraphrases/single_runs_outputs/run_version_0001/8b118d55e491ae92c30025109311d03498569d89f7e6d331400394433bff9958'],['']
